tconst,imdb_title,start_year,imdb_genres
tt10003618,Celts,2021,Drama
tt10023150,My Cousin,2020,Comedy
tt10023286,The Humans,2021,Drama
tt10043660,Engaged in Vegas,2021,Comedy
tt10054316,Guest House,2020,Comedy
tt10077544,Rosa's Wedding,2020,Comedy
tt10088984,Between Two Worlds,2021,Drama
tt10102080,Range Roads,2021,Drama
tt10117768,My Little Sister,2020,Drama
tt10171848,Pigeon's Milk,2021,Drama
tt10189514,Soorarai Pottru,2020,Drama
tt10192406,Causeway,2022,Drama
tt10195722,Highway One,2021,Drama
tt10198564,Bullet Proof,2022,Action
tt10199914,The Boys in the Band,2020,Drama
tt10232096,Buran,2022,Drama
tt10234990,Stroke of Luck,2022,Comedy
tt10239320,The Surrogate,2020,Drama
tt10247750,Ordinary Justice,2020,Drama
tt10252330,Granny Nanny,2020,Comedy
tt10260692,Faith Based,2020,Comedy
tt10264878,A Stormy Night,2020,Drama
tt10268922,Si muore solo da vivi,2020,Comedy
tt10283902,Feral State,2020,Thriller
tt10290510,Undercover Wedding Crashers,2021,Comedy
tt10300286,The Redeemers,2020,Action
tt10300570,Kadaisi Vivasayi,2021,Drama
tt10306450,The Kindred,2021,Thriller
tt10307856,The Argument,2020,Comedy
tt10310074,True Things,2021,Drama
tt10311018,Brother's Keeper,2021,Drama
tt10313748,La leyenda negra,2020,Drama
tt10314344,The Subject,2020,Drama
tt10332854,Alone,2020,Thriller
tt10343028,Armageddon Time,2022,Drama
tt10344522,Four Good Days,2020,Drama
tt10345782,The Catholic School,2021,Drama
tt10353866,Ellie & Abbie (& Ellie's Dead Aunt),2020,Comedy
tt10360772,My Best Friend Anne Frank,2021,Drama
tt10360808,The Cow Who Sang a Song Into the Future,2022,Drama
tt10360862,The Man Who Sold His Skin,2020,Drama
tt10365870,This Is My Desire,2020,Drama
tt10366574,Prayers for the Stolen,2021,Drama
tt10375396,God's Creatures,2022,Drama
tt10389922,Air Conditioner,2020,Drama
tt10395398,That Was Life,2020,Drama
tt10399622,Inside the Yellow Cocoon Shell,2023,Drama
tt10405142,Serial (Bad) Weddings 3,2021,Comedy
tt10406466,It Is in Us All,2022,Drama
tt10415020,Uman - The Perfect Man,2022,Comedy
tt10418630,True Mothers,2020,Drama
tt10426580,We Burn Like This,2021,Drama
tt10426916,Simply Black,2020,Comedy
tt10429158,Eden,2020,Drama
tt10434142,Schoolgirls,2020,Drama
tt10448528,Ernesto,2020,Drama
tt10457168,My Fiona,2021,Drama
tt10466340,Me casé con un idiota,2022,Comedy
tt10466348,Code of Thieves,2020,Action
tt10471804,Crónica de una tormenta,2020,Drama
tt10492998,I Hate Summer,2020,Comedy
tt10514240,Like a House on Fire,2020,Drama
tt10545704,"Farewell, Mr. Haffmann",2021,Drama
tt10551904,Dear Mother,2020,Comedy
tt10557524,Brutus vs César,2020,Comedy
tt10560062,Marcus,2020,Drama
tt10579768,Fully Realized Humans,2020,Comedy
tt10582422,Sweet Sunshine,2020,Drama
tt10612922,One Night in Miami...,2020,Drama
tt10622260,Roll with It,2023,Comedy
tt10627584,The Life Ahead,2020,Drama
tt10633456,Minari,2020,Drama
tt10642250,Death of Nintendo,2020,Comedy
tt10648198,Tell Me When,2020,Comedy
tt10692788,After Love,2020,Drama
tt10699348,Rundfunk: Jachterwachter,2020,Comedy
tt10702148,The Killing of Two Lovers,2020,Drama
tt10731264,Suraj Pe Mangal Bhari,2020,Comedy
tt10735778,Lethal Kittens,2020,Comedy
tt10772654,"Have Fun, Vasya! Date in Bali",2021,Comedy
tt10773194,My Dead Dad,2021,Drama
tt10779254,Talking About the Weather,2022,Drama
tt10787484,Whitetail,2021,Thriller
tt10798072,Padrenostro,2020,Drama
tt10799922,Painkiller,2021,Thriller
tt10811166,The Kashmir Files,2022,Drama
tt10814876,7 Hours to Win Your Heart,2020,Comedy
tt10816000,Take Out Girl,2020,Drama
tt10826116,Trouble Will Find Us,2020,Drama
tt10826164,Forever and a Day,2022,Drama
tt10832072,Breaking Them Up,2020,Comedy
tt10835642,Chavalas,2021,Comedy
tt10886702,Lady of Guadalupe,2020,Drama
tt10893170,Bhoomi,2021,Drama
tt10919446,Spirit Quest,2021,Comedy
tt10925852,A Mouthful of Air,2021,Drama
tt10926320,Dating & New York,2021,Comedy
tt10927554,Klovn the Final,2020,Comedy
tt10937434,Ultras,2020,Drama
tt10942302,The Get Together,2020,Comedy
tt10945232,Men on the Verge of a Nervous Breakdown,2022,Comedy
tt10945254,Operation Portugal,2021,Comedy
tt10949014,One-way to Moscow,2020,Comedy
tt10951504,Mía & Moi,2021,Drama
tt10951972,Arthur Rambo,2021,Drama
tt10954526,The Girl in the Yellow Jumper,2020,Thriller
tt10961186,A Starry Sky Above the Roman Ghetto,2020,Drama
tt10964430,Thappad,2020,Drama
tt10984580,Utama,2022,Drama
tt10986222,C'mon C'mon,2021,Drama
tt10989808,Beckman,2020,Action
tt10993580,Not Quite Dead Yet,2020,Comedy
tt10994688,The Binge,2020,Comedy
tt11010804,Jesus,2020,Drama
tt11012320,The Hole,2021,Drama
tt11016222,White People Money,2020,Comedy
tt11018402,Working Girls,2020,Drama
tt11028768,The People Upstairs,2020,Comedy
tt11041106,The Justice of Bunny King,2021,Drama
tt11087960,Playground,2021,Drama
tt11093266,Peaceful,2021,Drama
tt11105790,Broken Keys,2021,Drama
tt11106034,Knitting,2021,Drama
tt11111232,Valentina,2020,Drama
tt11111286,Reboot Camp,2020,Comedy
tt11114708,Mile High Escorts,2020,Thriller
tt11123132,Amercement,2020,Drama
tt11127512,Heartbeat,2020,Thriller
tt11128342,I Don't Wanna Dance,2021,Drama
tt11137272,3 Women,2020,Drama
tt11161474,Pieces of a Woman,2020,Drama
tt11162826,Naked Animals,2020,Drama
tt11177120,Black Medicine,2021,Thriller
tt11193834,ANIMA,2020,Drama
tt11199310,Miss India,2020,Drama
tt11232334,Taipei Suicide Story,2020,Drama
tt11246284,Win a Trip to Browntown!,2022,Comedy
tt11252460,King Knight,2021,Comedy
tt11258824,Conference,2020,Drama
tt11261820,Tahara,2020,Drama
tt11266956,"Poor Rich Family, When Luck Run$ Out",2022,Comedy
tt11269026,Mother's Love,2022,Comedy
tt11281142,Sol,2020,Comedy
tt11286640,Nowhere Special,2020,Drama
tt11296142,Downeast,2021,Drama
tt11297214,Mission Extreme,2021,Action
tt11306376,Jathi Ratnalu,2021,Comedy
tt11332484,The Road Dance,2021,Drama
tt11332500,Guerra de likes,2021,Comedy
tt11355212,Jail,2021,Drama
tt11358398,The Man Standing Next,2020,Thriller
tt11361714,Persona non grata,2021,Drama
tt11362866,Historias lamentables,2020,Comedy
tt11364996,5000 Blankets,2022,Drama
tt11366736,Deadly Cuts,2021,Comedy
tt11372516,To the Moon,2021,Drama
tt11378154,The App That Stole Christmas,2020,Comedy
tt11379584,Luzzu,2021,Drama
tt11379620,The Last Ride of the Wolves,2022,Drama
tt11388990,I Carry You with Me,2020,Drama
tt11389748,Mass,2021,Drama
tt11389850,Sandra Gets a Job,2021,Drama
tt11394158,Miss Juneteenth,2020,Drama
tt11394282,Identifying Features,2020,Drama
tt11410238,"Goodbye, Butterfly",2021,Thriller
tt11418284,The Art of Love,2022,Comedy
tt11426538,Coffee Wars,2023,Comedy
tt11440056,Feride,2020,Comedy
tt11463324,Inspector Ike,2020,Comedy
tt11468896,In Deep Sleep,2020,Drama
tt11492176,Inbetween Girl,2021,Drama
tt11497480,Asur,2020,Drama
tt11508438,One for the Road,2021,Drama
tt11530778,Suzanna Andler,2021,Drama
tt11555492,Farha,2021,Drama
tt11557872,Zaï Zaï Zaï Zaï,2020,Comedy
tt11563926,The Mulligan,2022,Drama
tt11564218,The Best Is Yet to Come,2020,Drama
tt11566164,Secret Zoo,2020,Comedy
tt11568878,Residue,2020,Drama
tt11570318,My Father Is an Airplane,2021,Drama
tt11599576,Juniper,2021,Drama
tt11611486,The Restless,2021,Drama
tt11614472,The Inventor,2020,Drama
tt11623722,Green Sea,2020,Drama
tt11634320,Pregnant and Alone,2020,Thriller
tt11639052,Black Milk,2020,Drama
tt11645056,Con quién viajas,2021,Comedy
tt11651780,Choked,2020,Drama
tt11685322,Sweet Thing,2020,Drama
tt11697690,The Woman Who Ran,2020,Drama
tt11697820,Days,2020,Drama
tt11697832,DAU. Natasha,2020,Drama
tt11697844,There Is No Evil,2020,Drama
tt11719648,Dry Wind,2020,Drama
tt11727866,Catherine Called Birdy,2022,Adventure
tt11730520,Black Snow,2020,Drama
tt11735544,Beans,2020,Drama
tt11741044,I Was a Simple Man,2021,Drama
tt11764856,A Christmas Cancellation,2020,Drama
tt11765324,Fast and Fierce: Death Race,2020,Action
tt11767722,Sun Children,2020,Drama
tt11768008,Poppy Field,2020,Drama
tt11771006,Birds of Paradise,2021,Drama
tt11771704,Between Two Dawns,2021,Drama
tt11773484,Ballad of a White Cow,2020,Drama
tt11777510,Love Spreads,2021,Comedy
tt11777738,A Hero,2021,Drama
tt11781806,Albatros,2021,Drama
tt11783988,Moneyboys,2021,Drama
tt11792734,Leyla Everlasting,2020,Comedy
tt11807866,Outside Noise,2021,Drama
tt11812338,Honest Candidate,2020,Comedy
tt11813228,White Building,2021,Drama
tt11816092,Hum Do Hamare Do,2021,Comedy
tt11818818,God's Country,2022,Thriller
tt11826862,Gold for Dogs,2020,Drama
tt11827806,So Much Love to Give,2020,Comedy
tt11832624,"Mark, Mary & Some Other People",2021,Comedy
tt11833648,The Book of Sun,2020,Comedy
tt11837558,I Propose We Never See Each Other Again After Tonight,2020,Comedy
tt11837886,Yellow Sulphur Sky,2021,Drama
tt11843950,Flashwood,2020,Drama
tt11847410,The Fallout,2021,Drama
tt11853308,Dinner Party,2021,Drama
tt11892046,Honey Cigar,2020,Drama
tt11892272,The Laws of the Border,2021,Thriller
tt11892916,Security,2021,Thriller
tt11905960,Class Reunion 3,2021,Comedy
tt11912510,Chrzciny,2022,Drama
tt11918288,Pirates,2021,Comedy
tt11930126,Alcarràs,2022,Drama
tt11938888,The Best Families,2020,Comedy
tt11952606,Easter Sunday,2022,Comedy
tt11991132,Kamali from Nadukkaveri,2021,Drama
tt11999602,Actual People,2021,Drama
tt12003124,Anti Corona Virus,2020,Drama
tt12008944,Fantasy Magician,2020,Action
tt12015352,Crazy Samurai Musashi,2020,Action
tt12025688,Asphalt Goddess,2020,Drama
tt12056978,Gerda,2021,Drama
tt12077032,The Whaler Boy,2020,Drama
tt12155064,Why Not You,2020,Drama
tt12176920,Hum,2020,Thriller
tt12182440,Buladó,2020,Drama
tt12244822,Amira,2021,Drama
tt12253164,Metronom,2022,Drama
tt12261772,S01E03,2020,Drama
tt12306964,On the Fringe,2022,Drama
tt12312912,Fire in the Mountains,2021,Drama
tt12322986,Softie,2021,Drama
tt12323842,Gina Brillon: The Floor Is Lava,2020,Comedy
tt12325668,Pearl,2020,Drama
tt12362542,God & Salsa,2022,Drama
tt12395462,From Gerri with Love,2020,Comedy
tt12416794,The Little Gang,2022,Comedy
tt12425868,Russkiy Reyd,2020,Action
tt12440242,House of Quarantine,2020,Thriller
tt12443220,You Keep the Kids,2021,Comedy
tt12443756,A Good Man,2020,Drama
tt12443946,Sweat,2020,Drama
tt12444454,Souad,2021,Drama
tt12444572,Beginning,2020,Drama
tt12477816,Pursuit of Freedom,2022,Drama
tt12487320,I'm Not Him,2021,Drama
tt12509164,The Miracle Child,2021,Drama
tt12516292,Hey There!,2021,Comedy
tt12525878,Speak Sunlight,2023,Drama
tt12526902,Carajita,2021,Drama
tt12539136,Metsäjätti,2020,Drama
tt12552352,The White Fortress,2021,Drama
tt12570276,Mar de fondo,2020,Drama
tt12574632,Any Day Now,2020,Drama
tt12585254,The Ties,2020,Drama
tt12590438,Scarlett,2020,Action
tt12592824,Rurangi,2020,Drama
tt12594018,Fake News,2021,Comedy
tt12610584,Descarrilados,2021,Comedy
tt12618926,Parallel Mothers,2021,Drama
tt12649538,One Life at a Time,2020,Drama
tt12655436,Honk for Jesus. Save Your Soul.,2022,Comedy
tt12663772,In Our Prime,2022,Drama
tt12676006,Borrego,2022,Thriller
tt12680684,The Hand of God,2021,Drama
tt12683198,Beyto,2020,Drama
tt12701964,Of Fish and Man,2020,Drama
tt12715472,Inexorable,2021,Thriller
tt12719846,Wild Roots,2021,Drama
tt12720014,"Szia, Életem!",2022,Comedy
tt12726428,Stromboli,2022,Drama
tt12728584,La Verónica,2020,Drama
tt12737834,Plaza,2020,Drama
tt12744120,The Inner Cage,2021,Drama
tt12779208,Milestone,2020,Drama
tt12789110,The Macaluso Sisters,2020,Drama
tt12791888,See You Then,2021,Drama
tt12792400,Assandira,2020,Drama
tt12826450,A Corsican Summer,2021,Drama
tt12839480,Saving Shuli,2021,Comedy
tt12842524,White Elephant,2020,Comedy
tt12844586,Sanctioning Evil,2022,Action
tt12847352,Les Tuche 4,2021,Comedy
tt12847680,Maison de retraite,2022,Comedy
tt12847812,Everything Went Fine,2021,Drama
tt12862516,Adopting Audrey,2021,Drama
tt12869276,Wesele,2021,Drama
tt12872150,Madalena,2021,Drama
tt12906702,Harvey,2021,Thriller
tt12913444,The Inheritance,2020,Drama
tt12917050,The List,2023,Comedy
tt12923846,Three Thousand Numbered Pieces,2022,Drama
tt12927920,Monte Verità: Der Rausch der Freiheit,2021,Drama
tt12933568,Legacy of Love,2021,Drama
tt12961802,Famosa,2020,Drama
tt12974232,Wood and Water,2021,Drama
tt12992082,Albatross,2022,Drama
tt12992754,Build the Wall,2020,Comedy
tt13003996,"My Brother, My Sister",2021,Drama
tt13014746,Manticore,2022,Drama
tt13029450,Hypnosis,2020,Drama
tt13038218,Singing Jailbirds,2021,Drama
tt13045890,Paper Lives,2021,Drama
tt13050400,Secret Society,2021,Drama
tt13058146,Fucking Bornholm,2022,Drama
tt13075882,Exclusion Zone,2020,Thriller
tt13079150,Spoiled Brats,2021,Comedy
tt13081358,Dead in the Water,2021,Thriller
tt13082008,Any Crybabies Around?,2020,Drama
tt13086492,The Line,2022,Drama
tt13103340,Father Christmas Is Back,2021,Comedy
tt13134894,The Biggest Fan,2022,Comedy
tt13137460,"Sami, Joe and I",2020,Drama
tt13143964,Borat Subsequent Moviefilm,2020,Comedy
tt13153712,The American King,2020,Comedy
tt13167612,Popuran,2022,Comedy
tt13172796,Plan B,2021,Comedy
tt13181596,Food Luck,2020,Drama
tt13190778,"Dawn, Her Dad & the Tractor",2021,Drama
tt13200006,Shayda,2023,Drama
tt13231544,About Dry Grasses,2023,Drama
tt13241688,"Por los pelos, una historia de autoestima",2022,Comedy
tt13259906,18 Kilohertz,2020,Drama
tt13260630,Adeline,2022,Drama
tt13269580,Full Time,2021,Drama
tt13269868,We Might As Well Be Dead,2022,Drama
tt13271264,Price of Parenting,2021,Comedy
tt13279528,What We Wanted,2020,Drama
tt13293334,Past Death,2020,Thriller
tt13297136,The Fisherman's Diary,2020,Drama
tt13299678,Uncle Vanya,2020,Drama
tt13308110,The Mystery of Her,2022,Drama
tt13310936,Thimmarusu: Assignment Vali,2021,Drama
tt13311126,Anybody Seen My Girl?,2020,Drama
tt13328808,Wedding of the Century,2021,Comedy
tt13332610,Kill Plan,2021,Thriller
tt13345636,Funny Boy,2020,Drama
tt13350066,Thank You,2022,Drama
tt13354802,The Fist of the Condor,2023,Action
tt13358022,The Reading,2023,Thriller
tt13361648,The New Toy,2022,Comedy
tt13361756,Barbie & Kendra Storm Area 51,2020,Comedy
tt13362890,The Surprise Visit,2022,Thriller
tt13366978,Maria,2021,Comedy
tt13377804,Love Tasting,2020,Drama
tt13378056,The Schoolmaster Games,2022,Drama
tt13387266,Here Out West,2022,Drama
tt13397326,Bigfoot: The Conspiracy,2020,Thriller
tt13428892,A Christmas Love,2020,Drama
tt13434790,What Lucia Saw,2022,Drama
tt13456316,Love You Anyway,2022,Drama
tt13456976,Old Man,2022,Thriller
tt13460190,The Wannabes,2022,Comedy
tt13465592,Deadly Illusions,2020,Thriller
tt13468436,The Colour Room,2021,Drama
tt13483050,40 Sticks,2020,Thriller
tt13486236,Smack Dab Kakha,2020,Comedy
tt13491982,Eesti matus,2021,Comedy
tt13495458,The Inspection,2022,Drama
tt13524066,Apple of My Eyes,2021,Comedy
tt13528580,The Siamese Bond,2020,Drama
tt13557918,Teenage Emotions,2021,Drama
tt13558724,Presidents,2021,Comedy
tt13559026,Jockey,2021,Drama
tt13563958,Girl Unknown,2023,Drama
tt13576808,Slate,2020,Action
tt13588156,All My Puny Sorrows,2021,Drama
tt13610562,The Bubble,2022,Comedy
tt13611604,One Second Champion,2020,Drama
tt13613056,Deception,2021,Drama
tt13615030,The Road to Galena,2022,Drama
tt13617378,Salesmen,2022,Comedy
tt13639204,Irréductible,2022,Comedy
tt13648184,The Dog Who Wouldn't Be Quiet,2021,Drama
tt13648212,Hive,2021,Drama
tt13652142,Magazine Dreams,2023,Drama
tt13652420,Feedback,2020,Comedy
tt13656056,El color del cielo,2022,Drama
tt13656980,Montana Story,2021,Drama
tt13658076,The Cathedral,2021,Drama
tt13669038,Women Talking,2022,Drama
tt13685074,Nel bagno delle donne,2020,Comedy
tt13691036,Meskina,2021,Comedy
tt13696296,Chinese Doctors,2021,Drama
tt13705714,Snowball,2020,Drama
tt13795296,Thank God,2022,Comedy
tt13804586,Tú eres mi problema,2021,Comedy
tt13806424,By the Grace of...,2021,Drama
tt13812906,"Keep Smiling, Mom!",2022,Comedy
tt13833688,The Whale,2022,Drama
tt13834006,Stuck Together,2021,Comedy
tt13834078,Down with the King,2021,Drama
tt13834788,Yuni,2021,Drama
tt13843858,Thellavarithe Guruvaram,2021,Comedy
tt13845438,Naane Varuvean,2022,Thriller
tt13845792,Immersion,2021,Thriller
tt13846402,The Passengers of the Night,2022,Drama
tt13846508,Human Flowers of Flesh,2022,Drama
tt13846544,The Box,2021,Drama
tt13846546,Lingui,2021,Drama
tt13848128,Stop and Go,2021,Comedy
tt13864444,No One's with the Calves,2021,Drama
tt13880104,Happening,2021,Drama
tt13885900,Aurora,2021,Drama
tt13887082,Grand Jeté,2022,Drama
tt13890834,RattleSnake: The Ahanna Story,2020,Drama
tt13892558,"Our Father, the Devil",2021,Thriller
tt13929998,On a Wing and a Prayer,2023,Drama
tt13935180,Positive Apocalypse,2021,Adventure
tt13936336,Hunters,2021,Action
tt13941852,Licence to Build,2021,Comedy
tt13973198,Forever,2022,Drama
tt14005250,The Kangaroo Conspiracy,2022,Comedy
tt14007288,Bad Living,2023,Drama
tt14012734,Fixed,2021,Thriller
tt14017174,Bigger Is Beautiful,2021,Comedy
tt14028890,Stop-Zemlia,2021,Drama
tt14033416,Forest: I See You Everywhere,2021,Drama
tt14034614,Nostalgia,2022,Drama
tt14035108,Introduction,2021,Drama
tt14036870,Mr. Birthday,2021,Comedy
tt14039582,Drive My Car,2021,Drama
tt14060826,Doctor on Call,2021,Comedy
tt14063186,The Wheel,2021,Drama
tt14071600,A Light Never Goes Out,2022,Drama
tt14073836,A Girl Returned,2021,Drama
tt14081736,Vasil,2022,Drama
tt14086060,Boys on Film 21: Beautiful Secret,2021,Drama
tt14097206,The Unlikely Pilgrimage of Harold Fry,2023,Drama
tt14109800,Come Here,2021,Drama
tt14136566,American Mobster: Retribution,2021,Action
tt14153080,A Good Person,2023,Drama
tt14158346,Sharp Stick,2022,Comedy
tt14164102,Northern Quality,2022,Comedy
tt14170058,Casanova's Return,2023,Drama
tt14208870,The Fabelmans,2022,Drama
tt14209750,Bhala Thandanana,2022,Drama
tt14246700,Itomichi,2021,Drama
tt14285796,The Male Gaze: Nocturnal Instincts,2021,Drama
tt14296228,Spasite Kolyu!,2021,Comedy
tt14300504,The Water,2022,Drama
tt14305564,Ritual,2022,Thriller
tt14308474,The Unemployment Club,2021,Comedy
tt14309446,Me Time,2022,Comedy
tt14311482,Queens,2022,Adventure
tt14324296,A Chiara,2021,Drama
tt14336174,Peter von Kant,2022,Drama
tt14342018,The Book of Wonders,2023,Drama
tt14344738,An Zéro - Comment le Luxembourg a disparu,2021,Drama
tt14353504,Witness the Fitness,2022,Comedy
tt14361330,Marisol,2023,Drama
tt14368728,Intervenção: É Proibido Morrer,2021,Drama
tt14369276,My Father's Violin,2022,Drama
tt14369304,My Night,2021,Drama
tt14394620,Crawlspace,2022,Thriller
tt14396208,The Heart and How to Use It,2021,Comedy
tt14397058,Aisha,2022,Drama
tt14399096,My Son,2021,Drama
tt14402302,Accidental Family,2021,Comedy
tt14406418,Cream of the Crop,2022,Drama
tt14452802,Neighbours,2021,Drama
tt14458442,The Son,2022,Drama
tt14469460,Italian Gigolo,2022,Comedy
tt14488200,Júpiter,2022,Drama
tt14490546,Miracle: Letters to the President,2021,Drama
tt14491300,Songs About Love,2021,Drama
tt14493552,Double Patty,2021,Drama
tt14502658,Adieu Godard,2021,Drama
tt14542504,The Great Seduction,2023,Comedy
tt14543404,Here Kills the Bride,2022,Thriller
tt14550172,The Imaginary Doctor,2022,Comedy
tt14555908,Paulie Go!,2022,Comedy
tt14558102,One Night Off,2021,Comedy
tt14566464,"I'm a Girl, I'm a Princess",2021,Drama
tt14573918,Naked Truth,2022,Drama
tt14578032,God's Not Dead: We the People,2021,Drama
tt14587078,Above the World,2022,Drama
tt14597532,Land of Gold,2022,Drama
tt14598598,Aloners,2021,Drama
tt14598646,Aa Ammayi Gurinchi Meeku Cheppali,2022,Drama
tt14641542,The Eight Mountains,2022,Drama
tt14644048,Sons of Ramses,2022,Drama
tt14722598,Rainbow,2022,Drama
tt14725488,Hospital: Daughter's Mother,2021,Drama
tt14739128,My Lovely Angel,2021,Drama
tt14755038,Lullaby,2022,Drama
tt14772866,Royal Ashes,2022,Drama
tt14775666,Unclenching the Fists,2021,Drama
tt14775784,Great Freedom,2021,Drama
tt14776894,Evolution,2021,Drama
tt14776918,In Front of Your Face,2021,Drama
tt14781026,The Honeymoon,2022,Comedy
tt14812496,The Challenge,2023,Drama
tt14812778,The Tsugua Diaries,2021,Drama
tt14821150,Vortex,2021,Drama
tt14824590,On the Line,2022,Thriller
tt14825364,Maximum Truth,2023,Comedy
tt14830582,Dig,2022,Thriller
tt14833900,Around the Table,2021,Drama
tt14844714,Youngstown,2021,Comedy
tt14850172,Asking for It,2021,Thriller
tt14867294,Butterfly Vision,2022,Drama
tt14877816,Wilderness Therapy,2022,Comedy
tt14891930,Before Next Spring,2021,Drama
tt14906708,Pretty Red Dress,2022,Drama
tt14909062,Heard She Got Married,2021,Thriller
tt14915600,Pink Moon,2022,Drama
tt14921402,Wayward,2022,Thriller
tt14935038,The Key Game,2022,Comedy
tt14949622,The Exchange,2021,Drama
tt14961160,Bankrolled,2021,Comedy
tt15006754,Under Her Control,2022,Drama
tt15007416,Not Broken,2021,Drama
tt15035902,Finally Retired!,2022,Comedy
tt15040500,Jane,2022,Thriller
tt15047244,The Same Storm,2021,Drama
tt15047780,Stay Awake,2022,Drama
tt15049366,The Bodin's in the Land of Smile,2021,Comedy
tt15078122,Our Eternal Summer,2021,Drama
tt15078366,Wet Sand,2021,Drama
tt15078854,Bangarraju,2022,Drama
tt15083184,I Came By,2022,Thriller
tt15094568,First Person Shooter,2022,Thriller
tt15109082,The Quiet Girl,2022,Drama
tt15115102,Another World,2021,Drama
tt15119666,Atlantis,2021,Drama
tt15119668,The Falls,2021,Drama
tt15119794,Göta kanal - Vinna eller försvinna,2022,Comedy
tt15131130,Bromates,2022,Comedy
tt15131600,You Resemble Me,2021,Drama
tt15132028,Private Desert,2021,Drama
tt15135914,Welcome Venice,2021,Drama
tt15158960,The Dorm,2021,Drama
tt15167162,The Green Shutters,2022,Drama
tt15167316,All the World Is Sleeping,2021,Drama
tt15174924,Everything I Am,2022,Drama
tt15208276,Summering,2022,Drama
tt15211080,Silent Land,2021,Drama
tt15243614,Welcome at Esposito's,2021,Comedy
tt15250656,Bar Fight!,2022,Comedy
tt15251228,Tourist,2021,Action
tt15255958,Comedy Queen,2022,Drama
tt15257116,Palm Trees and Power Lines,2022,Drama
tt15258032,Lonesome,2022,Drama
tt15262920,Welcome to Redville,2023,Drama
tt15268244,Joy Ride,2023,Comedy
tt15271654,Oh My Goodness!,2022,Comedy
tt15309708,Uunchai,2022,Drama
tt15327522,Dragonflies,2022,Drama
tt15329224,Revoir Paris,2022,Drama
tt15331186,Good Mourning,2022,Comedy
tt15345936,The Seven Faces of Jane,2022,Drama
tt15376894,Saint Omer,2022,Drama
tt15384690,Vicini di casa,2022,Comedy
tt15399588,The Rust,2021,Drama
tt15414016,Amber Cops,2021,Comedy
tt15419420,Teambuilding,2022,Comedy
tt15429106,Sun,2022,Drama
tt15441522,On the Wandering Paths,2023,Drama
tt15442580,Moonlight Shadow,2021,Drama
tt15446628,Days Before the Millennium,2021,Drama
tt15465098,Sembi,2022,Drama
tt15466426,Everybody Hates Johan,2022,Comedy
tt15482570,The Absent Director,2021,Drama
tt15488088,Moving On,2022,Comedy
tt15502648,El Test,2022,Comedy
tt15520368,Rule 34,2022,Drama
tt15559316,En la mira,2022,Thriller
tt15567198,The Plains,2022,Drama
tt15684938,We Are Still Here,2022,Drama
tt15710474,Along the Way,2022,Drama
tt15715230,Project Space 13,2021,Comedy
tt15765412,Allelujah,2022,Drama
tt15834708,Medusa,2022,Drama
tt15881420,The Danube,2021,Drama
tt15980462,The Mute Man of Sardinia,2021,Drama
tt16027918,"Weddings, Christenings and Funerals",2022,Comedy
tt16047468,Tree of Eternal Love,2021,Comedy
tt16092020,Lapua 1976,2023,Drama
tt16148412,Hunting Season,2021,Comedy
tt16148552,The Lost Boys,2023,Drama
tt16150884,Normalnyy tolko ya,2021,Drama
tt16152556,Diamond in the Rough,2022,Comedy
tt16227002,War Pony,2022,Drama
tt16248294,Hitmen,2023,Action
tt16279390,Dos estaciones,2022,Drama
tt16302202,The Estate,2022,Comedy
tt16311384,Nika,2022,Drama
tt16377816,Mars One,2022,Drama
tt16381144,Retrograde,2022,Drama
tt16392846,Palitan,2021,Drama
tt16402818,The Civil Dead,2022,Comedy
tt16445764,A Human Position,2022,Drama
tt16452664,Father There Is Only One 3,2022,Comedy
tt16532314,It's A Wonderful Binge,2022,Comedy
tt16759126,Semeynyy byudzhet,2021,Comedy
tt16867902,A Spy Movie,2021,Comedy
tt16900304,Reroute,2022,Thriller
tt16944826,That Kind of Summer,2022,Drama
tt16968496,Young Old,2021,Comedy
tt16983432,How to Survive Without Mum,2023,Comedy
tt17014214,Mother and Son,2022,Drama
tt17041522,Aurora: A Love Story,2023,Drama
tt17044664,Chilli Laugh Story,2022,Comedy
tt17049058,Two Much for the Job,2022,Comedy
tt17049070,Two of a Kind,2022,Comedy
tt17049112,The Revenge of the Shiny Shrimps,2022,Comedy
tt17058536,Les gagnants,2022,Comedy
tt17078354,The Fishbowl,2023,Drama
tt17097088,Return to Dust,2022,Drama
tt17146978,The Novelist's Film,2022,Drama
tt17346434,Love & Mathematics,2022,Comedy
tt17352384,Granit,2021,Action
tt17372462,The Aviary,2022,Thriller
tt17501358,Yamabuki,2022,Drama
tt17505240,Life,2022,Drama
tt17506728,One Week Friends,2022,Drama
tt17512706,My Broken Mariko,2022,Drama
tt17517876,Locked-in Society,2022,Comedy
tt17526224,A quien cierra los ojos,2022,Drama
tt17527124,Collide,2022,Thriller
tt17527468,Bottoms,2023,Comedy
tt17634642,Sweet Little Things,2022,Comedy
tt18019258,The Hater,2022,Comedy
tt18162296,Sparta,2022,Drama
tt18235306,Love Life,2022,Drama
tt18274542,Io vivo altrove!,2023,Comedy
tt18284880,I Am Rage,2023,Action
tt18289752,"Two Weeks, End",2022,Thriller
tt18317064,Tori and Lokita,2022,Drama
tt18350136,White Dog,2022,Drama
tt18361872,The World of Yesterday,2022,Drama
tt18362444,The Year of the Dog,2022,Drama
tt18363072,The Royal Hotel,2023,Drama
tt18393842,El gerente,2022,Comedy
tt18395238,A Hundred Flowers,2022,Drama
tt18550182,R.M.N.,2022,Drama
tt18550270,The Young Imam,2023,Drama
tt18573106,Bem-vinda a Quixeramobim,2022,Comedy
tt18671246,Two Tickets to Greece,2022,Comedy
tt18989512,Felicità,2023,Drama
tt19188852,Like Me,2022,Drama
tt1924245,Cry Macho,2021,Drama
tt19352286,Rumspringa,2022,Comedy
tt19465804,Roditeli strogogo rezhima,2022,Comedy
tt19623228,Godland,2022,Drama
tt19630504,The Great Silence,2022,Drama
tt19652910,EO,2022,Drama
tt19653180,Leila's Brothers,2022,Drama
tt19719836,Return to Seoul,2022,Drama
tt19719940,Rodeo,2022,Drama
tt19724270,A Night at the Kindergarten,2022,Comedy
tt19733052,Les Segpa,2022,Comedy
tt19758012,Chile '76,2022,Drama
tt19758112,The Drop,2022,Comedy
tt19759204,Recep Ivedik 7,2022,Comedy
tt19768016,Love According to Dalva,2022,Drama
tt19770238,Aftersun,2022,Drama
tt19845038,Three Ways,2022,Comedy
tt19849514,Toxic,2022,Drama
tt19879786,Shadow Master,2022,Action
tt19883634,The Old Oak,2023,Drama
tt20227026,Grand Paris,2022,Comedy
tt20256412,Hard Feelings,2023,Comedy
tt20358284,The Lesson,2023,Thriller
tt20413650,The Donor Party,2023,Comedy
tt20415224,Drift,2023,Drama
tt20424172,Alibi.com 2,2023,Comedy
tt20601908,BDE,2023,Comedy
tt20673642,La traversée,2022,Comedy
tt20838498,Thai Massage,2022,Comedy
tt20861100,House of Money,2022,Thriller
tt20877264,A Room of My Own,2022,Drama
tt20918806,Cassiopeia,2022,Drama
tt21028848,Ip Man: The Awakening,2021,Action
tt21040176,Who's There?,2022,Thriller
tt21047794,Sweet As,2022,Drama
tt21078040,The Pool,2022,Comedy
tt21086802,Omen,2023,Drama
tt21093976,National Theatre Live: Prima Facie,2022,Drama
tt21106970,Daughter of the Bride,2023,Comedy
tt21113962,"20,000 Species of Bees",2023,Drama
tt21148858,Mittagsstunde,2022,Drama
tt21149522,The Price of Family,2022,Comedy
tt21160106,Raiders of the Lost Library,2022,Adventure
tt21226634,The Adventures of Gigi the Law,2022,Drama
tt21230074,Safe Place,2022,Drama
tt21232992,Theater Camp,2023,Comedy
tt21241942,Buddy Games: Spring Awakening,2023,Comedy
tt21265550,A Cut Above,2022,Comedy
tt21276878,You Are So Not Invited to My Bat Mitzvah,2023,Comedy
tt21282898,Chinas,2023,Drama
tt21289032,Itlu Maredumilli Prajaneekam,2022,Drama
tt21289480,First Day First Show,2022,Comedy
tt21305876,The Sales Girl,2021,Drama
tt21352686,The Damned Don't Cry,2022,Drama
tt21376206,Blanquita,2022,Drama
tt21404804,Walk Up,2022,Drama
tt21438476,Bentu,2022,Drama
tt21612972,When Morning Comes,2022,Drama
tt21651200,The Pit,2022,Drama
tt21651430,The People's Joker,2022,Comedy
tt21745356,Mirciulica,2022,Comedy
tt21800888,6/45,2022,Comedy
tt21825858,Call Me Chihiro,2023,Drama
tt21859796,The Maiden,2022,Drama
tt21874630,Kalev,2022,Drama
tt21876846,Jingle Bells,2022,Comedy
tt21920634,The Rye Horn,2023,Drama
tt21928842,Pervyy sneg,2021,Drama
tt21940934,Miguel Wants to Fight,2023,Comedy
tt21956076,Lapland Odyssey 4,2022,Comedy
tt21998524,Vicenta B.,2022,Drama
tt22048600,Honest Candidate 2,2022,Comedy
tt22077666,Más respeto que soy tu madre,2022,Comedy
tt22168286,Amityville Christmas Vacation,2022,Comedy
tt22180518,Disco Boy,2023,Drama
tt22185848,¡Que viva México!,2023,Comedy
tt2222052,My Salinger Year,2020,Drama
tt22309256,Christmas in Paradise,2022,Comedy
tt22398026,The Narrow Road,2022,Drama
tt22777288,Mutt,2023,Drama
tt22900230,Three Minutes of Silence,2023,Drama
tt23036332,The Tangalanga Method,2022,Comedy
tt23150052,Bastards,2022,Drama
tt23322952,Amiko,2022,Drama
tt23628070,Hamsters,2022,Comedy
tt23648490,The Worst Idea Ever,2023,Drama
tt23770924,Hostel Hudugaru Bekagiddare,2023,Comedy
tt23805036,Unprincipled in the Village,2023,Comedy
tt23872008,The Confession Musical,2023,Drama
tt23897124,I pionieri,2022,Comedy
tt24068064,Reality,2023,Drama
tt24070754,All Your Faces,2023,Drama
tt24224528,Maldivy podozhdut,2023,Comedy
tt24268454,The Kerala Story,2023,Drama
tt25306940,Neposredstvenno Kakha. Drugoy film,2023,Comedy
tt2597804,Don't Make Me Go,2022,Drama
tt26250854,The Spring of My Life,2023,Comedy
tt26315142,Totem,2023,Drama
tt26440896,Living Bad,2023,Drama
tt26441793,The Shadowless Tower,2023,Drama
tt26611839,Vacationers,2023,Comedy
tt26612950,The Teachers' Lounge,2023,Drama
tt26625686,A Love Story from the Streets,2023,Drama
tt26660615,Life for Real,2023,Comedy
tt26694932,Denti da squalo,2023,Drama
tt26812510,El caso Monroy,2022,Drama
tt27127359,Silent Witnesses,2023,Drama
tt27128442,Our Tiny Little Wedding,2023,Comedy
tt27261231,The Doll,2023,Drama
tt27347892,The Giants of Easter Island,2023,Drama
tt27372066,The Path of Excellence,2023,Drama
tt27612422,Fanfic,2023,Drama
tt28329761,Deadly DILF,2023,Thriller
tt28363514,Greenback,2023,Action
tt28490044,Evil Does Not Exist,2023,Drama
tt28650765,The Nurse That Saw the Baby on the Highway,2023,Thriller
tt3165282,Killer Weekend,2020,Thriller
tt3400626,Shadows,2020,Thriller
tt3408894,We Still Say Grace,2020,Thriller
tt3580748,Tyson's Run,2022,Drama
tt3696180,The Forgiven,2021,Drama
tt3716996,Central Park Dark,2021,Thriller
tt3717822,Church People,2021,Comedy
tt3801544,Sh*thead,2020,Comedy
tt3859466,Triumph,2021,Drama
tt3890456,Queen of Glory,2021,Comedy
tt3895984,Manbaby,2022,Comedy
tt3896836,Reversion,2020,Thriller
tt3993886,All Day and a Night,2020,Drama
tt4085618,Toloka,2020,Drama
tt4121086,7th Secret,2022,Thriller
tt4166648,Talking to God,2020,Comedy
tt4194558,Dead Reckoning,2020,Thriller
tt4225012,A Little White Lie,2023,Comedy
tt4372326,Faceless,2021,Thriller
tt4440842,The Gravedigger's Wife,2021,Drama
tt4479380,SAS: Rise of the Black Swan,2021,Action
tt4578102,I'll Meet You There,2020,Drama
tt4593154,Echoes of the Past,2021,Drama
tt4648112,Granada Nights,2021,Drama
tt4671326,Prisoner's Daughter,2022,Drama
tt5246704,When Today Ends,2021,Drama
tt5492808,Borga,2021,Drama
tt5585272,Through the Glass Darkly,2020,Thriller
tt5598868,Here Are the Young Men,2020,Drama
tt5619044,Night Shift,2021,Comedy
tt5704368,The Mimic,2020,Comedy
tt5738280,Dutch,2021,Action
tt5848326,Healing River,2020,Drama
tt5851696,"My Sailor, My Love",2022,Drama
tt5915444,A Small Fortune,2021,Thriller
tt5984744,Broken Law,2020,Drama
tt6002094,Her Name Was Jo,2020,Adventure
tt6051918,Unsound,2020,Drama
tt6187134,Cowboys,2020,Drama
tt6326182,Senior Entourage,2021,Comedy
tt6352926,The Last Ones,2020,Drama
tt6434210,The Works and Days (of Tayoko Shiojiri in the Shiotani Basin),2020,Drama
tt6443330,Cinema Sabaya,2021,Drama
tt6468842,The Enormity of Life,2021,Comedy
tt6484398,Broken Diamonds,2021,Drama
tt6506346,Angry Neighbors,2022,Comedy
tt6523526,Last Call,2021,Comedy
tt6551842,Taste,2021,Drama
tt6627168,Listen,2020,Drama
tt6708828,Calm Before,2021,Thriller
tt6833470,The Swing of Things,2020,Comedy
tt6852526,The God Committee,2021,Drama
tt6852672,Violet,2021,Drama
tt6873364,Iceland Is Best,2020,Drama
tt6902000,Half White,2020,Comedy
tt6910678,The Dunes,2021,Thriller
tt6924832,Fear the Invisible Man,2023,Thriller
tt6925902,More the Merrier,2021,Comedy
tt6932766,Waikiki,2020,Drama
tt7078610,Freshman Friday,2020,Comedy
tt7085158,Past Shadows,2021,Drama
tt7147158,MK Ultra,2022,Thriller
tt7153488,Army of One,2020,Action
tt7199030,Chateau Vato,2020,Comedy
tt7265490,Memory Box,2021,Drama
tt7311770,The Bet,2020,Comedy
tt7334158,Sulphur and White,2020,Drama
tt7411120,For the Love of Jessee,2020,Drama
tt7453044,Holly Slept Over,2020,Comedy
tt7466908,Road to Perth,2021,Drama
tt7489792,Rain,2020,Drama
tt7536726,Soulmate(s),2021,Comedy
tt7541838,Sex and the Future,2020,Comedy
tt7545266,Like a Boss,2020,Comedy
tt7636728,When It Melts,2023,Drama
tt7641334,Last Shot,2020,Drama
tt7661376,2 Minutes of Fame,2020,Comedy
tt7749040,Divine,2020,Comedy
tt7749142,Die Känguru-Chroniken,2020,Comedy
tt7765850,Walking with Herb,2021,Comedy
tt7772582,Never Rarely Sometimes Always,2020,Drama
tt7841954,Goodbye Honey,2020,Thriller
tt7870102,Critical Thinking,2020,Drama
tt7871688,Abbi Fede,2020,Comedy
tt7907898,Up on the Glass,2020,Thriller
tt7931602,Fame-ish,2020,Comedy
tt7954660,Lucicreide Goes to Mars,2021,Comedy
tt7983744,Rogue Warfare: Death of a Nation,2020,Action
tt8005118,House Party,2023,Comedy
tt8005256,Tidy Tim's,2020,Comedy
tt8045592,Later Days,2021,Comedy
tt8097362,A Deadly Place,2020,Thriller
tt8110004,Pvt Chat,2020,Drama
tt8123506,The Golden Holiday,2020,Comedy
tt8126172,Bad Roads,2020,Drama
tt8129806,To Leslie,2022,Drama
tt8145202,The F**k-It List,2020,Comedy
tt8147656,Cool Abdoul,2021,Drama
tt8160794,The Greenhouse,2021,Drama
tt8170358,Green Rush,2020,Thriller
tt8170506,Sophie Jones,2020,Drama
tt8174412,Funny Pages,2022,Comedy
tt8187840,A Bend in the River,2020,Drama
tt8222346,Banging Lanie,2020,Comedy
tt8300462,Slow Machine,2020,Thriller
tt8338100,Hyde,2021,Thriller
tt8373206,About My Father,2023,Comedy
tt8376986,A Normal World,2020,Drama
tt8414224,Entombed,2020,Thriller
tt8415728,One of These Days,2020,Drama
tt8424638,Buoyancy,2020,Thriller
tt8434110,Murina,2021,Drama
tt8449154,The Family Tree,2020,Drama
tt8462814,Servants,2020,Drama
tt8514848,Summit Fever,2022,Drama
tt8550054,Pleasure,2021,Drama
tt8552008,La restauración,2020,Comedy
tt8560172,The Very Excellent Mr. Dundee,2020,Comedy
tt8590528,Faith Under Fire,2020,Drama
tt8591526,Fremont,2023,Drama
tt8599512,Out of Time,2020,Drama
tt8633560,Lazy Susan,2020,Comedy
tt8633748,The Opening Act,2020,Comedy
tt8674464,Escape from Death Block 13,2021,Action
tt8697222,Pureza,2022,Drama
tt8724130,Les nôtres,2020,Drama
tt8743262,Treasure City,2020,Drama
tt8785030,Beast Beast,2020,Drama
tt8850932,The Bellmen,2020,Comedy
tt8889716,The Box,2021,Drama
tt8889818,Stowaway,2022,Thriller
tt8897388,Rival,2020,Drama
tt8902948,Tigertail,2020,Drama
tt8907052,Wuthering Heights,2022,Drama
tt8908432,Son of Monarchs,2020,Drama
tt8910408,Songs of Solomon,2020,Drama
tt8925546,Getting to Know You,2020,Comedy
tt8928230,¿Y cómo es él?,2020,Comedy
tt8976664,My Boyfriend's Meds,2020,Comedy
tt9007296,Bone Cage,2020,Drama
tt9013340,Fool's Paradise,2023,Comedy
tt9014248,Mutiny of the Worker Bees,2020,Comedy
tt9014656,Narcissus and Goldmund,2020,Drama
tt9024096,Women Is Losers,2021,Drama
tt9033598,We Are,2020,Comedy
tt9048802,Father,2020,Drama
tt9048840,Charm City Kings,2020,Drama
tt9051908,Living,2022,Drama
tt9056484,The Other Tom,2021,Drama
tt9065812,Guilt,2020,Thriller
tt9071456,The People We Hate at the Wedding,2022,Comedy
tt9100054,The Lost Daughter,2021,Drama
tt9110904,Three Floors,2021,Drama
tt9114124,Cambio tutto!,2020,Comedy
tt9143112,Falling,2020,Drama
tt9159426,The Noise of Engines,2021,Drama
tt9165740,Milkwater,2020,Drama
tt9170580,Ashens and the Polybius Heist,2020,Comedy
tt9179096,Minamata,2020,Drama
tt9196192,Cuties,2020,Drama
tt9204898,"Jump, Darling",2020,Drama
tt9208444,Impractical Jokers: The Movie,2020,Comedy
tt9261218,Uncorked,2020,Drama
tt9265050,Taking the Fall,2021,Drama
tt9286670,Allan the Dog,2020,Comedy
tt9290138,Why We Breathe,2020,Drama
tt9303772,Divorce Club,2020,Comedy
tt9305634,Surge,2020,Thriller
tt9310606,The Odd-Job Men,2021,Comedy
tt9317274,Harka,2022,Drama
tt9320170,The Beautiful Summer,2023,Drama
tt9347750,Final Kill,2020,Action
tt9350934,The Outside Story,2020,Drama
tt9354118,Our Father's Keeper,2020,Drama
tt9354422,El inconveniente,2020,Drama
tt9372172,Ballsy Girl,2020,Comedy
tt9383986,The Man Who Drew God,2022,Drama
tt9389916,Digger,2020,Drama
tt9410034,The Last Bus,2021,Drama
tt9411866,The Roads Not Taken,2020,Drama
tt9416282,Being Dead,2020,Drama
tt9428746,Aristotle and Dante Discover the Secrets of the Universe,2022,Drama
tt9471828,Wandering Heart,2021,Drama
tt9503722,About a Teacher,2020,Drama
tt9552452,The Dark End of the Street,2020,Drama
tt9572534,Golden Arm,2020,Comedy
tt9601220,Black Bear,2020,Drama
tt9612892,The Black Emperor of Broadway,2020,Drama
tt9614040,Kitty Mammas,2020,Comedy
tt9616700,Adu,2020,Drama
tt9628568,The Cloud in Her Room,2020,Drama
tt9660502,Close,2022,Drama
tt9665786,Un tour chez ma fille,2021,Comedy
tt9665968,Small Country: An African Childhood,2020,Drama
tt9681686,Last Film Show,2021,Drama
tt9684220,Bad Trip,2021,Comedy
tt9686350,Off the Rails,2021,Comedy
tt9689696,Wander,2020,Thriller
tt9690328,Paper Spiders,2020,Drama
tt9707580,Break Even,2020,Action
tt9729768,June Again,2020,Drama
tt9735790,Me You Madness,2021,Comedy
tt9735976,Wheels of Fortune,2020,Comedy
tt9737798,Needle Park Baby,2020,Drama
tt9762398,Teenage Badass,2020,Comedy
tt9765226,1 Night in San Diego,2020,Comedy
tt9770150,Nomadland,2020,Drama
tt9778060,A Matter of Causality,2021,Thriller
tt9808268,Stanleyville,2021,Comedy
tt9837320,The Potato Venture,2020,Comedy
tt9843470,The Island of Lies,2020,Drama
tt9848668,Sea of Time,2022,Drama
tt9850050,Charter,2020,Drama
tt9860858,"Costa Brava, Lebanon",2021,Drama
tt9861480,Atlas,2021,Drama
tt9890308,Nasir,2020,Drama
tt9893084,Italian Studies,2021,Drama
tt9894660,Baby Done,2020,Comedy
tt9896876,India Sweets and Spices,2021,Comedy
tt9902160,Herself,2020,Drama
tt9908390,Le lion,2020,Comedy
tt9914192,No Gogó do Paulinho,2020,Comedy
tt9916270,Il talento del calabrone,2020,Thriller
