tmdb_id,imdb_id,tmdb_title,release_year,tmdb_genres,tmdb_vote_average,tmdb_vote_count
785084,tt13833688,The Whale,2022.0,Drama,7.949,2917
581734,tt9770150,Nomadland,2021.0,Drama,7.237,2678
740985,tt13143964,Borat Subsequent Moviefilm,2020.0,Comedy,6.468,2275
804095,tt14208870,The Fabelmans,2022.0,Drama,7.723,1755
722778,tt12680684,The Hand of God,2021.0,Drama,7.602,1480
615643,tt10633456,Minari,2021.0,Drama,7.361,1402
641662,tt11161474,Pieces of a Woman,2020.0,Drama,7.046,1113
758866,tt14039582,Drive My Car,2021.0,Drama,7.397,1034
749274,tt1924245,Cry Macho,2021.0,"Drama, Western",5.998,889
795514,tt11847410,The Fallout,2021.0,Drama,7.687,879
965150,tt19770238,Aftersun,2022.0,Drama,7.716,877
606954,tt10492998,I Hate Summer,2020.0,Comedy,7.095,860
766798,tt12618926,Parallel Mothers,2021.0,Drama,6.839,816
554230,tt9100054,The Lost Daughter,2021.0,Drama,6.574,797
862551,tt14309446,Me Time,2022.0,Comedy,5.926,751
526019,tt7545266,Like a Boss,2020.0,Comedy,6.309,597
661914,tt10612922,One Night in Miami...,2020.0,Drama,7.061,595
852448,tt15083184,I Came By,2022.0,Thriller,6.292,579
632617,tt10986222,C'mon C'mon,2021.0,Drama,7.281,567
667869,tt10627584,The Life Ahead,2020.0,Drama,6.723,523
803700,tt14641542,The Eight Mountains,2022.0,Drama,7.703,502
901563,tt9660502,Close,2022.0,Drama,7.787,497
595743,tt4479380,SAS: Red Notice,2021.0,"Drama, Action, Thriller",5.855,464
595671,tt7772582,Never Rarely Sometimes Always,2020.0,Drama,7.154,462
578908,tt9684220,Bad Trip,2021.0,Comedy,6.065,462
598133,tt8145202,The F**k-It List,2020.0,Comedy,6.055,460
671043,tt13079150,Spoiled Brats,2021.0,Comedy,6.167,456
670203,tt9916270,The Talent of the Hornet,2020.0,Thriller,6.383,413
552532,tt9048840,Charm City Kings,2020.0,Drama,7.929,411
592695,tt8550054,Pleasure,2021.0,Drama,6.291,405
763152,tt6925902,More the Merrier,2021.0,"Comedy, Romance",6.749,404
597156,tt10199914,The Boys in the Band,2020.0,Drama,6.794,401
777245,tt13669038,Women Talking,2022.0,Drama,6.9,401
668195,tt10937434,Ultras,2020.0,Drama,6.176,398
582885,tt9196192,Cuties,2020.0,Drama,5.244,390
979924,tt14824590,On the Line,2022.0,Thriller,6.155,387
765119,tt13610562,The Bubble,2022.0,Comedy,4.7,383
785516,tt13834006,Stuck Together,2021.0,Comedy,5.928,374
747687,tt10345782,The Catholic School,2021.0,Drama,6.183,371
679989,tt10426916,Simply Black,2020.0,Comedy,5.842,361
595586,tt10192406,Causeway,2022.0,Drama,6.646,339
785534,tt13045890,Paper Lives,2021.0,Drama,8.062,338
793998,tt13880104,Happening,2021.0,"Drama, History",7.209,325
615952,tt10343028,Armageddon Time,2022.0,Drama,6.58,325
920394,tt14369276,My Father's Violin,2022.0,"Drama, Music",7.947,314
557940,tt8976664,My Boyfriend's Meds,2020.0,Comedy,7.1,284
806368,tt14458442,The Son,2022.0,Drama,6.673,281
714869,tt10405142,Serial (Bad) Weddings 3,2021.0,"Romance, Comedy",6.37,280
760099,tt9051908,Living,2022.0,Drama,7.0,265
740460,tt13460190,The Wannabes,2022.0,Comedy,6.218,264
588009,tt9616700,Adú,2020.0,Drama,6.892,260
672208,tt11777738,A Hero,2021.0,Drama,7.402,260
967585,tt20424172,Alibi.com 2,2023.0,Comedy,6.715,256
646593,tt9689696,Wander,2020.0,"Thriller, Crime, Mystery",5.316,255
613368,tt9372172,Ballsy Girl,2020.0,Comedy,5.306,250
608980,tt9110904,Three Floors,2021.0,Drama,6.3,249
999644,tt21276878,You Are So Not Invited to My Bat Mitzvah,2023.0,Comedy,6.338,247
671318,tt8928230,¿Y cómo es él?,2022.0,Comedy,7.485,239
785398,tt19652910,EO,2022.0,Drama,6.586,239
709629,tt11332500,War of Likes,2021.0,Comedy,7.715,237
916405,tt15109082,The Quiet Girl,2022.0,Drama,7.555,237
1000492,tt24070754,All Your Faces,2023.0,Drama,8.208,236
915931,tt15329224,Revoir Paris,2022.0,Drama,7.178,233
560008,tt9179096,Minamata,2020.0,"Drama, History",6.951,233
736500,tt12847680,Retirement Home,2022.0,Comedy,5.965,226
768331,tt12744120,The Inner Cage,2021.0,Drama,7.073,225
952701,tt19719836,Return to Seoul,2022.0,Drama,6.036,221
665488,tt9303772,Divorce Club,2020.0,Comedy,5.813,216
660609,tt9261218,Uncorked,2020.0,"Drama, Comedy",6.11,213
788045,tt10360772,My Best Friend Anne Frank,2021.0,"History, War, Drama",6.876,213
624788,tt9601220,Black Bear,2020.0,"Drama, Thriller",6.481,210
975120,tt16452664,Padre no hay mas que uno 3,2022.0,"Comedy, Family",7.5,210
670243,tt10545704,Farewell Mister Haffmann,2022.0,"History, Drama",6.942,208
833417,tt13269580,Full Time,2022.0,"Drama, Thriller",7.1,208
613370,tt10557524,Brutus vs Cesar,2020.0,"Comedy, Adventure, History",3.965,198
669665,tt10798072,Our Father,2020.0,Drama,6.629,197
613335,tt12847352,Christmas with the Tuches,2021.0,Comedy,5.0,194
745608,tt13639204,Employee of the Month,2022.0,Comedy,6.0,194
423333,tt11389748,Mass,2021.0,Drama,7.562,193
800787,tt14153080,A Good Person,2023.0,Drama,7.0,182
589970,tt9908390,The Lion,2020.0,Comedy,5.306,180
776821,tt11892272,Outlaws,2021.0,Crime,6.908,179
755437,tt12443220,You Keep the Kids,2021.0,"Comedy, Family",7.243,177
985617,tt24068064,Reality,2023.0,"Drama, Thriller",6.273,174
1000938,tt21149522,The Price of Family,2022.0,Comedy,6.474,170
807070,tt14821150,Vortex,2022.0,Drama,7.179,170
666624,tt11892916,Security,2021.0,Thriller,5.624,169
554761,tt9143112,Falling,2020.0,Drama,6.533,169
615684,tt10551904,Dear Mother,2020.0,"Comedy, Drama",5.863,168
864168,tt15268244,Joy Ride,2023.0,Comedy,6.623,167
768939,tt7153488,Army of One,2020.0,Action,5.679,165
530956,tt3993886,All Day and a Night,2020.0,Drama,6.176,162
641960,tt10344522,Four Good Days,2020.0,Drama,6.8,162
804251,tt11930126,Alcarràs,2022.0,Drama,6.836,152
541724,tt14034614,Nostalgia,2022.0,"Drama, Crime",7.0,150
522927,tt3696180,The Forgiven,2022.0,Drama,5.893,149
611808,tt9665968,Small Country: An African Childhood,2020.0,Drama,7.199,146
659290,tt12585254,The Ties,2020.0,Drama,6.753,146
619594,tt2222052,My Salinger Year,2020.0,Drama,6.393,145
802372,tt9071456,The People We Hate at the Wedding,2022.0,Comedy,6.3,144
955971,tt11269026,Honeymoon with My Mother,2022.0,Comedy,6.432,140
606865,tt12789110,The Macaluso Sisters,2020.0,Drama,7.118,136
566927,tt9208444,Impractical Jokers: The Movie,2020.0,Comedy,6.6,134
741124,tt13558724,Presidents,2021.0,Comedy,5.252,133
735726,tt12847812,Everything Went Fine,2021.0,"Comedy, Drama",6.754,132
728142,tt11286640,Nowhere Special,2020.0,Drama,7.1,131
762469,tt13103340,Father Christmas Is Back,2021.0,"Comedy, Family",4.673,130
588367,tt10023286,The Humans,2021.0,Drama,6.138,130
868985,tt22185848,¡Que viva México!,2023.0,"Drama, Comedy",7.411,129
664506,tt15115102,Another World,2022.0,Drama,6.836,128
823147,tt8129806,To Leslie,2022.0,Drama,7.125,128
667969,tt11771006,Birds of Paradise,2021.0,Drama,6.6,124
829051,tt8373206,About My Father,2023.0,Comedy,6.234,124
785209,tt11087960,Playground,2021.0,Drama,7.081,118
670981,tt10366574,Prayers for the Stolen,2021.0,Drama,7.7,116
835975,tt14775784,Great Freedom,2021.0,"Drama, Romance",7.191,115
601188,tt10088984,Between Two Worlds,2022.0,Drama,6.9,114
928217,tt17049070,Two Of A Kind,2022.0,Comedy,5.809,110
945675,tt17506728,One Week Friends,2022.0,Drama,5.7,110
865498,tt13361648,The New Toy,2022.0,Comedy,5.935,107
895659,tt13846402,The Passengers of the Night,2022.0,Drama,7.052,105
861072,tt2597804,Don't Make Me Go,2022.0,Drama,7.377,102
716706,tt6833470,The Swing of Things,2020.0,Comedy,4.907,102
619443,tt10434142,Schoolgirls,2020.0,Drama,6.613,102
691777,tt11010804,Jesus,2020.0,"Family, History, Music",7.529,102
723294,tt9665786,"Knock, Knock, It's Mom!",2021.0,Comedy,5.4,101
925943,tt15376894,Saint Omer,2022.0,"Drama, Crime",6.312,101
770742,tt13003996,"My Brother, My Sister",2021.0,Drama,6.589,100
774600,tt11557872,Zaï Zaï Zaï Zaï,2022.0,Comedy,5.725,100
669363,tt10360862,The Man Who Sold His Skin,2021.0,Drama,6.753,100
793285,tt14578032,God's Not Dead: We The People,2021.0,Drama,6.9,100
566397,tt11358398,The Man Standing Next,2020.0,"Drama, Thriller",6.925,100
835504,tt14755038,Lullaby,2022.0,Drama,7.2,100
854188,tt10306450,The Kindred,2021.0,Horror,6.318,99
879538,tt14394620,Crawlspace,2022.0,Thriller,6.096,99
928720,tt17097088,Return to Dust,2022.0,"Drama, Romance",7.133,98
802324,tt14060826,Doctor on Call,2021.0,Comedy,6.179,98
795109,tt11727866,Catherine Called Birdy,2022.0,"Adventure, Comedy",6.112,98
639564,tt7749142,The Kangaroo Chronicles,2020.0,Comedy,5.911,96
1026624,tt16532314,It's a Wonderful Binge,2022.0,Comedy,5.011,95
667935,tt11697844,There Is No Evil,2020.0,Drama,7.574,94
601297,tt10023150,My Cousin,2020.0,Comedy,5.435,93
919570,tt18550182,R.M.N.,2022.0,Drama,7.103,92
1120628,tt20256412,Hard Feelings,2023.0,Comedy,5.917,90
735716,tt12594018,Patrick & Sebastien Vs The Fake News,2021.0,"Comedy, Drama",3.966,89
957752,tt20601908,BDE,2023.0,Comedy,4.646,89
840118,tt14469460,Italian Gigolò,2022.0,Comedy,5.356,88
717675,tt11028768,The People Upstairs,2020.0,"Comedy, Drama",6.178,87
714011,tt10692788,After Love,2021.0,Drama,7.305,87
946703,tt15006754,Under Her Control,2022.0,Drama,5.32,86
754800,tt13279528,What We Wanted,2020.0,Drama,5.906,85
947962,tt20673642,La traversée,2022.0,Comedy,6.112,85
770554,tt13271264,Mes très chers enfants,2021.0,Comedy,5.165,85
1036561,tt19879786,Shadow Master,2022.0,"Action, Fantasy, Thriller",6.768,84
728366,tt12676006,Borrego,2022.0,"Crime, Thriller",6.03,82
892535,tt15035902,Just Retired 2,2022.0,Comedy,5.421,82
648619,tt9114124,Say It Loud,2020.0,Comedy,6.019,81
766220,tt13456976,Old Man,2022.0,"Thriller, Horror",6.006,81
614418,tt10814876,‎7 Hours to Win Your Heart,2020.0,Comedy,6.198,81
544415,tt8902948,Tigertail,2020.0,Drama,6.756,80
807862,tt14336174,Peter von Kant,2022.0,"Drama, Romance",5.772,79
697064,tt10989808,Beckman,2020.0,Action,6.152,79
632065,tt8005118,House Party,2023.0,Comedy,5.873,79
960206,tt19623228,Godland,2022.0,Drama,6.981,79
653708,tt9902160,Herself,2020.0,Drama,6.722,79
647265,tt10994688,The Binge,2020.0,Comedy,5.361,79
661677,tt11827806,So Much Love to Give,2020.0,Comedy,6.057,78
642684,tt10945254,Operation Portugal,2021.0,Comedy,5.0,77
833420,tt14324296,To Chiara,2021.0,Drama,7.066,76
838916,tt13134894,The Biggest Fan,2022.0,Comedy,5.553,76
814776,tt17527468,Bottoms,2023.0,Comedy,7.127,75
679888,tt10077544,Rosa's Wedding,2020.0,Comedy,6.213,75
886563,tt13941852,Permis de construire,2021.0,Comedy,5.727,75
662401,tt11697690,The Woman Who Ran,2020.0,Drama,6.427,75
863929,tt15384690,Vicini di casa,2022.0,Comedy,5.453,74
888082,tt15441522,On the Wandering Paths,2023.0,Drama,6.216,74
901944,tt15502648,El test,2022.0,Comedy,6.274,73
805058,tt14598598,Aloners,2021.0,Drama,6.806,73
653712,tt10702148,The Killing of Two Lovers,2021.0,"Drama, Thriller",6.451,72
860852,tt3580748,Tyson's Run,2022.0,Drama,8.278,72
567714,tt9411866,The Roads Not Taken,2020.0,Drama,5.613,71
788942,tt11611486,The Restless,2021.0,Drama,6.887,71
962558,tt19653180,Leila's Brothers,2022.0,Drama,7.704,71
712121,tt12443946,Sweat,2021.0,"Drama, Thriller",6.5,71
1159086,tt14542504,The Great Seduction,2023.0,"Drama, Comedy, Romance",6.754,71
667018,tt9014248,Mutiny of the Worker Bees,2020.0,Comedy,7.3,71
660708,tt11012320,Il Buco,2021.0,Drama,6.268,69
911071,tt13804586,You Are My Problem,2021.0,"Family, Drama",7.3,69
653024,tt6852526,The God Committee,2021.0,Thriller,6.616,68
910858,tt16302202,The Estate,2022.0,"Comedy, Drama",5.5,68
743599,tt13172796,Plan B,2021.0,Comedy,6.265,68
741674,tt17049112,The Revenge of the Shiny Shrimps,2022.0,Comedy,6.6,67
708618,tt10268922,Si muore solo da vivi,2020.0,Comedy,5.679,67
654323,tt11093266,Peaceful,2021.0,Drama,7.075,67
613098,tt10290510,Undercover Wedding Crashers,2021.0,Comedy,6.254,65
999205,tt8889818,Stowaway,2022.0,Thriller,6.5,64
595228,tt10189514,Soorarai Pottru,2020.0,"Drama, Action",7.9,64
878375,tt13929998,On a Wing and a Prayer,2023.0,Drama,6.234,64
714195,tt10925852,A Mouthful of Air,2021.0,Drama,6.469,64
1024621,tt21825858,Call Me Chihiro,2023.0,Drama,7.2,63
818422,tt14305564,Ritual,2022.0,"Thriller, Crime",6.951,61
783556,tt10945232,Men on the Verge of a Nervous Breakdown,2022.0,Comedy,5.442,61
879330,tt7536726,Soulmates,2021.0,Comedy,6.133,60
802124,tt14170058,Casanova's Return,2023.0,"Comedy, Drama",6.092,60
594084,tt10054316,Guest House,2020.0,Comedy,5.617,60
714339,tt12306964,On the Fringe,2022.0,Drama,6.8,60
1000603,tt17634642,The Small Victories,2023.0,Comedy,6.833,60
774343,tt13613056,Deception,2021.0,"Drama, Romance",5.525,59
660713,tt10418630,True Mothers,2020.0,Drama,7.3,59
875104,tt21028848,Ip Man: The Awakening,2023.0,"Action, Adventure, History, Drama",6.8,59
698783,tt7661376,2 Minutes of Fame,2020.0,Comedy,6.6,58
931925,tt18393842,El gerente,2022.0,Comedy,8.0,58
772388,tt12610584,Descarrilados,2021.0,Comedy,5.649,57
856321,tt15132028,Private Desert,2021.0,Drama,6.947,57
913816,tt16377816,Mars One,2022.0,Drama,7.5,57
1117698,tt27612422,Fanfic,2023.0,Drama,7.491,57
781099,tt12715472,Inexorable,2022.0,Thriller,6.035,57
642546,tt9410034,The Last Bus,2021.0,Drama,6.545,56
584355,tt11018402,Working Girls,2020.0,Drama,5.393,56
653594,tt11388990,I Carry You with Me,2021.0,Drama,7.3,56
653658,tt11394282,Identifying Features,2020.0,Drama,7.064,55
986054,tt21232992,Theater Camp,2023.0,Comedy,6.536,55
1064517,tt13354802,Fist of the Condor,2023.0,Action,7.454,54
914203,tt18317064,Tori and Lokita,2022.0,Drama,6.917,54
675476,tt12015352,Crazy Samurai Musashi,2020.0,Action,5.896,53
668435,tt10964430,Thappad,2020.0,Drama,7.113,53
575718,tt11566164,Secret Zoo,2020.0,"Comedy, Drama",6.3,52
890203,tt14342018,The Book of Wonders,2023.0,Drama,6.413,52
676859,tt10648198,Tell Me When,2020.0,"Drama, Romance",6.5,52
821859,tt14073836,A Girl Returned,2021.0,Drama,7.577,52
879990,tt11818818,God's Country,2022.0,"Mystery, Thriller, Western, Drama",5.51,51
828558,tt10375396,God's Creatures,2022.0,Drama,6.0,51
644852,tt9014656,Narcissus and Goldmund,2020.0,Drama,6.216,51
927594,tt18235306,Love Life,2022.0,Drama,7.1,50
653584,tt9305634,Surge,2020.0,"Drama, Thriller",5.673,49
901908,tt14935038,The Key Game,2022.0,Comedy,6.0,49
852355,tt15119668,The Falls,2021.0,Drama,6.75,48
638784,tt13648184,The Dog Who Wouldn't Be Quiet,2021.0,Drama,6.5,47
956862,tt19352286,Rumspringa,2022.0,"Comedy, Drama",5.596,47
958335,tt18671246,Two Tickets to Greece,2023.0,Comedy,6.128,47
662541,tt10353866,Ellie and Abbie (and Ellie's Dead Aunt),2020.0,"Comedy, Romance",6.6,47
922705,tt19733052,Les SEGPA,2022.0,Comedy,5.4,46
846969,tt17049058,Two Much for the Job,2022.0,Comedy,5.37,46
1074211,tt26250854,La primavera della mia vita,2023.0,"Comedy, Music",6.511,46
900783,tt10811166,The Kashmir Files,2022.0,"History, Drama",7.109,46
952062,tt19759204,Recep İvedik 7,2022.0,Comedy,6.185,46
670129,tt8110004,PVT Chat,2021.0,Drama,5.728,45
681022,tt6187134,Cowboys,2020.0,Drama,6.341,44
649755,tt10252330,Granny Nanny,2020.0,"Comedy, Drama, Family",6.6,44
660643,tt10466340,Me casé con un idiota,2022.0,Comedy,7.4,43
583095,tt8174412,Funny Pages,2022.0,Comedy,5.9,43
661591,tt11781806,Drift Away,2021.0,Drama,5.869,42
837938,tt13495458,The Inspection,2022.0,Drama,6.4,42
628802,tt12663772,In Our Prime,2022.0,Drama,7.9,41
913820,tt10984580,Utama,2022.0,Drama,7.256,41
1151344,tt12917050,The List,2023.0,"Romance, Comedy",6.634,41
993145,tt10198564,Bullet Proof,2022.0,"Action, Crime",5.524,41
670343,tt11767722,Sun Children,2021.0,Drama,7.238,40
874294,tt15049366,Les Bodin's en Thaïlande,2021.0,Comedy,6.175,40
785652,tt15243614,Welcome at Esposito's,2021.0,Comedy,5.7,40
776541,tt13648212,Hive,2021.0,Drama,7.25,40
661925,tt12322986,Softie,2022.0,Drama,7.075,39
994441,tt8514848,Summit Fever,2022.0,Thriller,5.658,38
572637,tt12025688,Asphalt Goddess,2020.0,Drama,6.9,38
669329,tt9914192,No Gogó do Paulinho,2020.0,Comedy,4.487,38
665877,tt7870102,Critical Thinking,2020.0,Drama,6.645,38
442617,tt14877816,Wilderness Therapy,2022.0,Comedy,5.081,37
967370,tt26660615,Life For Real,2023.0,Comedy,5.324,37
892503,tt15167162,The Green Shutters,2022.0,Drama,5.473,37
668156,tt11792734,Leyla Everlasting,2020.0,Comedy,3.7,37
1065796,tt19724270,A Night at the Kindergarten,2022.0,Comedy,6.0,36
699060,tt7411120,For the Love of Jessee,2020.0,Drama,7.4,36
674642,tt11833648,The Book of Sun,2020.0,"Drama, Comedy, Thriller",7.819,36
922830,tt22180518,Disco Boy,2023.0,"Drama, War",6.931,36
848763,tt22077666,Más respeto que soy tu madre,2022.0,Comedy,7.0,35
812491,tt14566464,"I'm a Girl, I'm a Princess",2021.0,Drama,7.1,35
463870,tt4194558,Dead Reckoning,2020.0,Thriller,6.071,35
741032,tt12570276,Danyka,2020.0,"Drama, Romance",6.5,35
697741,tt11634320,Expectant,2020.0,"Mystery, TV Movie, Thriller",6.571,35
960170,tt14722598,Rainbow,2022.0,"Fantasy, Drama, Comedy, Music",5.971,35
824281,tt11952606,Easter Sunday,2022.0,Comedy,6.0,34
826218,tt13241688,Por los pelos,2022.0,Comedy,6.75,34
841764,tt13691036,Meskina,2021.0,"Comedy, Romance",6.118,34
770428,tt3408894,We Still Say Grace,2020.0,"Thriller, Horror",6.118,34
844409,tt14097206,The Unlikely Pilgrimage of Harold Fry,2023.0,Drama,6.456,34
982186,tt27128442,Notre tout petit petit mariage,2023.0,Comedy,4.1,33
838148,tt8434110,Murina,2022.0,Drama,6.4,33
788892,tt13885900,Aurora,2021.0,Drama,7.0,33
889672,tt18361872,The World of Yesterday,2022.0,Drama,5.439,33
953365,tt15488088,Moving On,2023.0,"Comedy, Drama",6.455,33
730823,tt14490546,Miracle: Letters to the President,2021.0,Drama,7.348,33
553147,tt9013340,Fool's Paradise,2023.0,Comedy,4.515,33
856437,tt11555492,Farha,2022.0,"Drama, History, War",7.591,33
650747,tt11362866,Historias lamentables,2021.0,Comedy,7.136,33
898994,tt16983432,How to Survive Without Mum,2023.0,Comedy,4.828,32
706783,tt11651780,Choked: Paisa Bolta Hai,2020.0,"Drama, Crime, Thriller",6.359,32
809910,tt3859466,Triumph,2021.0,Drama,7.266,32
820517,tt14776918,In Front of Your Face,2021.0,Drama,6.7,32
653580,tt9850050,Charter,2020.0,Drama,6.7,32
613339,tt11281142,SOL,2020.0,Comedy,5.688,32
669401,tt11773484,Ballad of a White Cow,2021.0,Drama,6.891,32
928713,tt17146978,The Novelist's Film,2022.0,Drama,6.453,32
728939,tt7749040,Divine,2020.0,"Comedy, Romance",6.063,32
862553,tt15250656,Bar Fight,2022.0,Comedy,6.661,31
958244,tt19768016,Love According to Dalva,2023.0,Drama,7.403,31
916563,tt17517876,Eingeschlossene Gesellschaft,2022.0,Comedy,6.177,31
1131438,tt6924832,Fear the Invisible Man,2023.0,"Thriller, Horror, Science Fiction",7.283,30
957461,tt19758012,Chile '76,2022.0,Drama,7.283,30
865686,tt15331186,Good Mourning,2022.0,Comedy,5.483,30
1034629,tt12726428,Stromboli,2022.0,Drama,5.417,30
712167,tt12444572,Beginning,2020.0,Drama,6.2,29
641483,tt7453044,Holly Slept Over,2020.0,Comedy,5.483,29
747984,tt13576808,Slate,2020.0,"Action, Comedy",6.69,29
741780,tt11232334,Taipei Suicide Story,2020.0,Drama,7.393,28
821153,tt21800888,6/45,2022.0,Comedy,6.7,28
793153,tt10835642,Girlfriends,2021.0,Comedy,6.3,28
1055406,tt26694932,Denti da squalo,2023.0,"Adventure, Drama",6.375,28
653668,tt11394158,Miss Juneteenth,2020.0,Drama,6.5,28
797245,tt11645056,Carpoolers,2021.0,Comedy,6.232,28
540248,tt5598868,Here Are the Young Men,2021.0,Drama,5.9,28
845422,tt14961160,Bankrolled,2021.0,Comedy,5.696,28
635780,tt7983744,Rogue Warfare: Death of a Nation,2020.0,"War, Action",4.8,28
750498,tt15466426,Everybody Hates Johan,2022.0,Comedy,6.019,27
920977,tt14558102,One Night Off,2021.0,Comedy,5.537,27
661932,tt11892046,Honey Cigar,2020.0,Drama,6.074,27
677574,tt9354422,One Careful Owner,2020.0,"Comedy, Drama",6.3,27
604768,tt8560172,The Very Excellent Mr. Dundee,2020.0,Comedy,5.167,27
785037,tt13656980,Montana Story,2022.0,Drama,5.846,27
667995,tt11697832,DAU. Natasha,2020.0,Drama,6.1,27
891910,tt8674464,Escape from Death Block 13,2021.0,Action,6.1,27
849281,tt12176920,Hum,2021.0,Thriller,6.5,27
820693,tt13846546,Lingui: The Sacred Bonds,2021.0,Drama,6.685,27
848331,tt12655436,Honk for Jesus. Save Your Soul.,2022.0,Comedy,5.3,27
872516,tt15257116,Palm Trees and Power Lines,2023.0,Drama,6.212,26
598268,tt12077032,The Whaler Boy,2020.0,Drama,6.1,26
785200,tt10415020,Uman – The Perfect Man,2022.0,Comedy,4.8,26
676819,tt11783988,Moneyboys,2021.0,Drama,6.7,26
651915,tt14368728,Intervenção,2021.0,"Crime, Action",6.346,26
1021331,tt15419420,Teambuilding,2022.0,Comedy,7.0,26
586695,tt9894660,Baby Done,2020.0,Comedy,6.6,26
728143,tt6627168,Listen,2020.0,Drama,7.4,26
952374,tt17372462,The Aviary,2022.0,Thriller,5.68,25
945805,tt18573106,Bem-Vinda a Quixeramobim,2022.0,Comedy,7.56,25
821494,tt9681686,Last Film Show,2022.0,Drama,7.5,25
682533,tt10310074,True Things,2022.0,Drama,5.438,24
598354,tt13652420,Feedback,2020.0,Comedy,6.313,24
833257,tt11599576,Juniper,2021.0,Drama,6.688,24
605193,tt11812338,Honest Candidate,2020.0,Comedy,6.125,24
807351,tt13468436,The Colour Room,2021.0,Drama,6.979,24
583198,tt14775666,Unclenching the Fists,2021.0,Drama,6.458,24
944024,tt13308110,The Mystery of Her,2022.0,Drama,6.804,23
760158,tt13014746,Manticore,2022.0,"Drama, Thriller",6.9,23
881274,tt10954526,The Girl in the Yellow Jumper,2020.0,"Crime, Thriller",5.5,23
659967,tt10117768,My Little Sister,2020.0,Drama,6.7,23
660334,tt10951972,Arthur Rambo,2022.0,Drama,6.0,23
997023,tt21265550,A Cut Above,2022.0,"Comedy, Romance",6.2,23
790786,tt13332610,Kill Plan,2021.0,Thriller,6.3,23
860854,tt15131130,Bromates,2022.0,Comedy,5.2,22
892270,tt12416794,The Little Gang,2022.0,Comedy,7.0,22
1001925,tt17527124,Collide,2022.0,"Mystery, Thriller, Drama, Crime",5.273,22
979251,tt14005250,The Kangaroo Conspiracy,2022.0,Comedy,6.136,22
846806,tt15078366,Wet Sand,2021.0,Drama,7.227,22
764393,tt14550172,The Imaginary Doctor,2022.0,Comedy,5.5,22
801913,tt14158346,Sharp Stick,2022.0,Comedy,5.864,22
783723,tt13795296,Thank God,2022.0,Comedy,6.9,22
726220,tt11735544,Beans,2021.0,Drama,6.682,22
750272,tt9690328,Paper Spiders,2021.0,Drama,6.6,21
796164,tt9860858,"Costa Brava, Lebanon",2022.0,"Drama, Comedy",6.476,21
701675,tt11765324,Fast and Fierce: Death Race,2020.0,Action,5.833,21
664184,tt8633748,The Opening Act,2020.0,Comedy,5.262,21
989593,tt27372066,The Path of Excellence,2023.0,Drama,6.262,21
590304,tt9729768,June Again,2021.0,"Drama, Comedy",7.19,21
809778,tt14308474,El club del paro,2021.0,Comedy,5.262,21
1081683,tt20413650,The Donor Party,2023.0,Comedy,4.9,20
1081694,tt13358022,The Reading,2023.0,"Drama, Thriller",7.55,20
871547,tt14781026,The Honeymoon,2022.0,Comedy,4.3,20
936378,tt19719940,Rodeo,2022.0,"Drama, Crime",5.8,20
825672,tt14850172,Asking For It,2022.0,"Action, Thriller, Drama",5.8,20
665771,tt9048802,Father,2020.0,Drama,8.0,20
633949,tt7265490,Memory Box,2021.0,Drama,6.75,20
626882,tt11685322,Sweet Thing,2020.0,Drama,6.9,20
856403,tt15135914,Welcome Venice,2021.0,Drama,7.0,20
776544,tt11379584,Luzzu,2021.0,Drama,6.8,20
816956,tt14830582,Dig,2022.0,"Mystery, Thriller",4.85,20
795797,tt14035108,Introduction,2021.0,Drama,6.125,20
662400,tt11697820,Days,2021.0,Drama,6.6,19
665783,tt11719648,Dry Wind,2020.0,"Drama, Fantasy",5.7,19
656609,tt10926320,Dating & New York,2021.0,"Comedy, Romance",4.8,19
936386,tt14300504,The Water,2022.0,"Drama, Romance",5.9,19
737666,tt5585272,Through the Glass Darkly,2020.0,"Thriller, Mystery",5.447,19
703145,tt9843470,The Island of Lies,2020.0,"Drama, Mystery, Thriller",5.6,19
1000563,tt16148552,The Lost Boys,2023.0,"Drama, Romance",7.8,19
865382,tt4671326,Prisoner's Daughter,2023.0,"Drama, Mystery, Thriller",6.368,19
853867,tt15040500,Jane,2022.0,"Mystery, Thriller, Drama",6.868,19
756594,tt14017174,Bigger Is Beautiful,2021.0,Comedy,4.921,19
1030054,tt14081736,Vasil,2022.0,"Comedy, Drama",6.447,19
714964,tt4225012,A Little White Lie,2023.0,Comedy,5.5,19
1135229,tt18284880,I Am Rage,2023.0,"Action, Thriller, Horror",6.737,19
787836,tt9861480,Atlas,2021.0,Drama,5.917,18
656704,tt9737798,Needle Park Baby,2020.0,Drama,7.0,18
1018247,tt7147158,MK Ultra,2022.0,Thriller,6.111,18
838889,tt13834078,Down with the King,2021.0,"Drama, Music",6.806,18
885243,tt15271654,Oh My Goodness!,2023.0,Comedy,4.9,18
644444,tt11111232,Valentina,2020.0,Drama,6.6,18
778655,tt12872150,Madalena,2021.0,Drama,6.3,18
776545,tt11508438,One for the Road,2022.0,Drama,7.2,18
776659,tt10311018,Brother's Keeper,2021.0,Drama,7.5,18
796158,tt13834788,Yuni,2021.0,Drama,7.353,17
796368,tt11306376,Jathi Ratnalu,2021.0,"Comedy, Drama",7.206,17
854544,tt12509164,Blessed Boys,2021.0,"Drama, Comedy, Romance",7.1,17
679694,tt13486236,Smack Dab Kakha,2020.0,Comedy,5.294,17
928200,tt14644048,Sons of Ramses,2023.0,Drama,6.647,17
677054,tt8126172,Bad Roads,2021.0,Drama,7.4,17
677053,tt11771704,Between Two Dawns,2021.0,Drama,7.0,17
666271,tt11568878,Residue,2020.0,Drama,5.1,17
651793,tt12425868,Russian Raid,2020.0,Action,5.294,17
836563,tt14776894,Evolution,2021.0,Drama,6.294,17
656272,tt9389916,Digger,2021.0,Drama,7.118,17
814536,tt10886702,Lady of Guadalupe,2020.0,Drama,6.6,17
1030908,tt21745356,Mirciulica,2022.0,Comedy,6.3,17
720318,tt12869276,The Wedding Day,2021.0,Drama,6.6,17
1002470,tt21404804,Walk Up,2022.0,Drama,6.294,17
776511,tt13559026,Jockey,2021.0,Drama,6.0,17
655713,tt10927554,Klovn the Final,2020.0,Comedy,5.5,16
942498,tt17058536,Les Gagnants,2022.0,Comedy,3.094,16
668627,tt8633560,Lazy Susan,2020.0,Comedy,4.75,16
1053600,tt21113962,"20,000 Species of Bees",2023.0,Drama,7.438,16
784607,tt13297136,The Fisherman's Diary,2020.0,Drama,7.125,16
1081065,tt21106970,Daughter of the Bride,2023.0,Comedy,6.5,16
735436,tt10307856,The Argument,2020.0,Comedy,5.531,16
665733,tt13231544,About Dry Grasses,2023.0,Drama,8.1,16
796258,tt14246700,Ito,2021.0,Drama,6.6,16
864866,tt11332484,The Road Dance,2022.0,Drama,6.6,16
587668,tt4440842,The Gravedigger’s Wife,2021.0,Drama,6.781,16
584249,tt8462814,Servants,2020.0,Drama,5.531,16
838146,tt14812778,The Tsugua Diaries,2021.0,Drama,5.625,16
860155,tt15208276,Summering,2022.0,Drama,4.3,15
893894,tt13038218,Singing Jailbirds,2022.0,"Music, Comedy",6.267,15
774581,tt13685074,Nel bagno delle donne,2020.0,Comedy,6.033,15
743048,tt9471828,Wandering Heart,2021.0,Drama,6.1,15
842725,tt13845792,Immersion,2022.0,Thriller,7.7,15
844227,tt4593154,Echoes of the Past,2021.0,Drama,6.533,15
917300,tt13362890,The Surprise Visit,2022.0,"Thriller, Crime",5.281,15
664425,tt10332854,Alone,2020.0,Thriller,4.067,15
736443,tt7641334,Last Shot,2020.0,Drama,6.8,15
962562,tt12253164,Metronom,2022.0,"Drama, Romance",7.0,15
962566,tt16227002,War Pony,2023.0,Drama,6.333,15
943934,tt15327522,Dragonflies,2022.0,Drama,7.1,15
679891,tt8376986,A Normal World,2020.0,Drama,6.333,15
508479,tt11826862,Gold for Dogs,2021.0,"Romance, Drama",4.8,15
1108780,tt15007416,Not Broken,2021.0,Drama,7.357,14
1009432,tt15309708,Uunchai,2022.0,"Comedy, Drama, Family",5.964,14
1023273,tt16027918,"Weddings, christenings and funerals",2022.0,Comedy,6.8,14
849242,tt9317274,Harka,2022.0,Drama,7.8,14
846795,tt11999602,Actual People,2021.0,Drama,5.8,14
846801,tt15078122,Our Eternal Summer,2022.0,Drama,4.75,14
794379,tt10283902,Feral State,2021.0,Thriller,4.233,14
796162,tt12244822,Amira,2021.0,Drama,6.9,14
586384,tt13311126,Anybody Seen My Girl?,2021.0,"Romance, Drama",6.7,14
644468,tt10893170,Bhoomi,2021.0,Drama,4.179,14
662098,tt10389922,Air Conditioner,2020.0,Drama,6.0,14
785664,tt13845438,Naane Varuvean,2022.0,"Action, Thriller, Horror",6.464,14
662399,tt9893084,Italian Studies,2022.0,Drama,5.0,14
777950,tt11252460,King Knight,2022.0,Comedy,5.2,14
820923,tt11832624,"Mark, Mary + Some Other People",2021.0,"Comedy, Drama, Romance",6.25,14
937633,tt18162296,Sparta,2022.0,Drama,7.821,14
669663,tt10993580,Not Quite Dead Yet,2020.0,Comedy,6.3,14
821493,tt9896876,India Sweets and Spices,2021.0,"Comedy, Drama, Romance",5.846,13
926332,tt13086492,The Line,2023.0,Drama,5.346,13
669742,tt7871688,Abbi fede,2020.0,Comedy,5.6,13
675431,tt9347750,Final Kill,2020.0,Action,5.308,13
852470,tt12719846,Wild Roots,2021.0,Drama,7.4,13
799020,tt12516292,Hey There!,2021.0,Comedy,5.154,13
929739,tt17512706,My Broken Mariko,2022.0,Drama,6.769,13
786193,tt11410238,"Goodbye, Butterfly",2021.0,Thriller,5.8,13
928358,tt13887082,Grand Jeté,2022.0,Drama,5.154,13
609181,tt9572534,Golden Arm,2021.0,Comedy,5.923,13
706646,tt9735790,Me You Madness,2021.0,Comedy,6.231,13
617246,tt13846544,The Box,2021.0,Drama,6.9,13
660005,tt11530778,Suzanna Andler,2021.0,Drama,4.846,13
745987,tt14812496,The Challenge,2023.0,Drama,7.692,13
664958,tt10735778,Lethal Kittens,2020.0,"Comedy, War",8.1,13
665901,tt6852672,Violet,2021.0,Drama,7.346,13
731684,tt19849514,Toxic,2022.0,"Drama, Mystery",6.846,13
728133,tt12779208,Milestone,2020.0,Drama,5.923,13
796157,tt11813228,White Building,2021.0,Drama,6.4,12
745931,tt12683198,Beyto,2021.0,"Drama, Romance",5.75,12
757635,tt11041106,The Justice of Bunny King,2021.0,Drama,7.5,12
762904,tt9686350,Off the Rails,2021.0,Comedy,6.3,12
835369,tt14399096,My Son,2021.0,Drama,6.364,12
816614,tt12590438,Scarlett,2020.0,Action,6.833,12
786302,tt13081358,Dead in the Water,2021.0,"Thriller, TV Movie",4.6,12
712113,tt12443756,A Good Man,2021.0,Drama,4.6,12
798159,tt11816092,Hum Do Hamare Do,2021.0,"Comedy, Drama, Family",5.7,12
962568,tt14867294,Butterfly Vision,2022.0,Drama,6.8,12
950379,tt13058146,Fucking Bornholm,2022.0,Drama,5.0,12
964822,tt19758112,The Drop,2022.0,Comedy,5.9,12
1040531,tt23036332,The Tangalanga Method,2023.0,Comedy,6.208,12
894201,tt15765412,Allelujah,2023.0,Drama,5.917,12
573801,tt8123506,The Golden Holiday,2020.0,"Crime, Comedy, Action",6.583,12
862360,tt11918288,Pirates,2021.0,Comedy,6.5,12
613703,tt10300570,Kadaisi Vivasayi,2022.0,Drama,8.583,12
592813,tt15158960,The Dorm,2021.0,Drama,6.9,12
854363,tt14369304,My Night,2022.0,"Drama, Romance",6.2,12
619019,tt10699348,Rundfunk: Jachterwachter,2020.0,Comedy,5.3,12
790555,tt4372326,Faceless,2021.0,Thriller,4.8,11
757305,tt11199310,Miss India,2020.0,Drama,4.0,11
848880,tt13696296,Chinese Doctors,2021.0,Drama,5.6,11
738567,tt10731264,Suraj Pe Mangal Bhari,2020.0,"Comedy, Drama",6.6,11
743881,tt13611604,One Second Champion,2020.0,Drama,6.273,11
741018,tt9065812,Guilt,2020.0,Thriller,5.6,11
854546,tt13658076,The Cathedral,2021.0,Drama,6.5,11
847335,tt15442580,Moonlight Shadow,2021.0,Drama,6.273,11
608331,tt12539136,Forest Giant,2020.0,Drama,7.4,11
680673,tt11905960,Reunion 3: Singles Cruise,2021.0,Comedy,4.9,11
675480,tt6523526,Last Call,2021.0,Comedy,5.091,11
817485,tt14739128,My Lovely Angel,2021.0,Drama,7.2,11
916421,tt15255958,Comedy Queen,2022.0,Drama,6.591,11
651907,tt8697222,Pureza,2022.0,Drama,7.5,11
978399,tt21078040,Freibad,2022.0,Comedy,5.273,11
846790,tt9310606,The Odd-Job Men,2021.0,"Comedy, Documentary",7.5,10
957606,tt18550270,Mercy,2023.0,Drama,5.4,10
781044,tt5738280,Dutch,2021.0,Action,7.7,10
647713,tt16759126,Family Budget,2021.0,Comedy,5.6,10
950199,tt21148858,Mittagsstunde,2022.0,Drama,7.95,10
642114,tt13465592,Fatal Illusions,2020.0,Thriller,6.1,10
1017507,tt21241942,Buddy Games: Spring Awakening,2023.0,Comedy,6.5,10
865497,tt15078854,Bangarraju,2022.0,"Drama, Comedy, Fantasy, Family",6.5,10
693551,tt8170358,Green Rush,2020.0,"Thriller, Action, Drama",5.2,10
793511,tt11366736,Deadly Cuts,2021.0,Comedy,4.9,10
1043997,tt9320170,The Beautiful Summer,2023.0,Drama,5.9,10
685309,tt7541838,Sex and the Future,2020.0,"Comedy, Science Fiction",5.5,10
997265,tt15520368,Rule 34,2023.0,Drama,5.6,10
795276,tt22048600,Honest Candidate 2,2022.0,Comedy,6.9,10
794785,tt14028890,Stop-Zemlia,2022.0,Drama,6.3,10
834581,tt13377804,Love Tasting,2020.0,Drama,5.2,10
664051,tt9765226,1 Night in San Diego,2020.0,Comedy,5.0,10
875153,tt20918806,Cassiopeia,2022.0,Drama,7.2,10
1037391,tt22309256,Christmas in Paradise,2022.0,"Comedy, Drama",5.2,9
732684,tt21160106,Raiders of the Lost Library,2022.0,"Action, Adventure",5.944,9
712131,tt12444454,Souad,2021.0,Drama,7.6,9
674451,tt10457168,My Fiona,2021.0,Drama,8.444,9
750223,tt11361714,Persona Non Grata,2021.0,"Comedy, Drama",6.667,9
926889,tt17014214,Mother and Son,2022.0,Drama,7.0,9
799441,tt11807866,Outside Noise,2022.0,Drama,5.167,9
684780,tt12008944,Fantasy Magician,2020.0,"Drama, Action",6.778,9
928735,tt15429106,Sonne,2022.0,Drama,5.111,9
1002125,tt9848668,Sea of Time,2022.0,Drama,7.7,9
721955,tt7841954,Goodbye Honey,2021.0,"Horror, Thriller",3.389,9
832074,tt15251228,Tourist,2021.0,Action,5.2,9
726892,tt12792400,Assandira,2020.0,Drama,7.0,9
964831,tt20227026,Grand Paris,2023.0,"Comedy, Adventure, Science Fiction",6.556,9
594899,tt14296228,Save Kolya!,2020.0,Comedy,5.6,9
666429,tt12574632,Any Day Now,2020.0,Drama,6.3,9
757796,tt11623722,Green Sea,2021.0,Drama,5.389,9
802194,tt11296142,Downeast,2021.0,"Drama, Crime, Thriller",6.667,9
742777,tt11938888,The Best Families,2020.0,"Drama, Comedy",5.8,9
616982,tt10260692,Faith Based,2020.0,Comedy,5.278,9
587660,tt9837320,The Potato Venture,2020.0,Comedy,5.6,9
1117411,tt24268454,The Kerala Story,2023.0,Drama,4.889,9
586239,tt9170580,Ashens and the Polybius Heist,2020.0,"Comedy, Adventure",6.286,8
713817,tt10832072,Breaking Them Up,2020.0,Comedy,5.0,8
916964,tt15559316,Targeted,2022.0,Thriller,5.6,8
597650,tt10429158,Eden,2020.0,Drama,7.1,8
820880,tt14397058,Aisha,2022.0,Drama,7.313,8
866611,tt6443330,Cinema Sabaya,2021.0,Drama,6.8,8
839564,tt14825364,Maximum Truth,2023.0,Comedy,5.188,8
889814,tt7466908,Road to Perth,2021.0,"Drama, Romance, Comedy",6.25,8
865584,tt16279390,Dos Estaciones,2022.0,Drama,6.5,8
916263,tt11912510,The Christening,2022.0,Comedy,7.0,8
760287,tt12826450,A Corsican Summer,2022.0,Drama,4.6,8
679895,tt10264878,A Stormy Night,2020.0,Drama,6.8,8
933100,tt15834708,Medusa,2022.0,"Drama, Romance",6.0,8
933170,tt15258032,Lonesome,2023.0,Drama,6.6,8
924122,tt16445764,A Human Position,2022.0,Drama,7.5,8
812644,tt13050400,Secret Society,2021.0,Drama,6.2,8
656097,tt12056978,The Student,2021.0,Drama,4.75,8
662286,tt10949014,One-way to Moscow,2020.0,Comedy,5.9,7
722209,tt13082008,Any Crybabies Around?,2020.0,Drama,5.286,7
573644,tt9350934,The Outside Story,2021.0,"Drama, Comedy",6.7,7
998022,tt26612950,The Teachers’ Lounge,2023.0,Drama,8.2,7
677176,tt5984744,Broken Law,2020.0,Drama,4.4,7
768030,tt8925546,Getting to Know You,2020.0,Comedy,6.286,7
750613,tt10942302,The Get Together,2020.0,Comedy,6.0,7
795757,tt6551842,Taste,2021.0,Drama,5.1,7
799524,tt7954660,Lucicreide Goes to Mars,2021.0,"Comedy, Science Fiction",6.1,7
681461,tt10239320,The Surrogate,2021.0,Drama,4.1,7
1026377,tt12844586,Sanctioning Evil,2022.0,"Thriller, Action",5.143,7
576922,tt10772654,"Take a Hike, Vasya! Lost In Bali",2021.0,Comedy,4.143,7
664412,tt11564218,The Best is Yet to Come,2023.0,Drama,6.429,7
576352,tt9628568,The Cloud in Her Room,2021.0,Drama,6.2,7
669672,tt7334158,Sulphur & White,2020.0,Drama,5.583,7
1070244,tt18274542,What a Life!,2023.0,Comedy,6.143,7
603258,tt11258824,Conference,2020.0,Drama,6.6,7
597915,tt22900230,Three Minutes of Silence,2023.0,"Drama, Action",6.0,7
902552,tt13350066,Thank You,2022.0,"Romance, Drama",5.786,7
893837,tt15567198,The Plains,2022.0,Drama,5.929,7
958186,tt26315142,Tótem,2023.0,Drama,6.286,7
860609,tt15211080,Silent Land,2022.0,Drama,5.5,7
511424,tt5851696,"My Sailor, My Love",2022.0,"Drama, Romance",6.3,7
964278,tt21874630,Kalev,2022.0,"Drama, History",7.1,7
964308,tt13973198,Forever,2022.0,Drama,7.857,7
610069,tt3165282,Killer Weekend,2020.0,Thriller,5.7,7
910709,tt15980462,The Mute Man of Sardinia,2022.0,"Drama, History",5.6,7
963568,tt21093976,National Theatre Live: Prima Facie,2022.0,"Drama, Crime",9.6,7
911126,tt16392846,Palitan,2021.0,"Drama, Romance",5.6,7
913417,tt16402818,The Civil Dead,2023.0,"Comedy, Fantasy",4.813,7
736051,tt8222346,Banging Lanie,2020.0,,4.8,6
680885,tt5704368,The Mimic,2021.0,Comedy,4.6,6
934027,tt11426538,Coffee Wars,2023.0,Comedy,5.7,6
933939,tt14587078,Märzengrund,2022.0,Drama,6.3,6
756371,tt9614040,Kitty Mammas,2020.0,Comedy,6.167,6
680587,tt10579768,Fully Realized Humans,2020.0,"Comedy, Drama",4.75,6
866718,tt5915444,A Small Fortune,2021.0,"Thriller, Crime",4.8,6
679000,tt9552452,The Dark End of the Street,2020.0,"Thriller, Drama",5.0,6
695396,tt11777510,Love Spreads,2021.0,"Comedy, Drama, Music",6.0,6
936490,tt18395238,A Hundred Flowers,2022.0,"Drama, Family",6.9,6
851798,tt17044664,Chilli Laugh Story,2022.0,Comedy,5.667,6
737756,tt12182440,Buladó,2020.0,Drama,6.5,6
925181,tt16944826,That Kind of Summer,2022.0,Drama,3.9,6
737288,tt12728584,La Verónica,2022.0,Drama,6.7,6
757514,tt8908432,Son of Monarchs,2021.0,Drama,5.5,6
756942,tt12862516,Adopting Audrey,2022.0,Drama,5.0,6
548647,tt6352926,The Last Ones,2020.0,"Drama, Thriller",5.8,6
913496,tt11563926,The Mulligan,2022.0,Drama,6.2,6
584596,tt8850932,The Bellmen,2020.0,Comedy,4.7,6
841998,tt13328808,Wedding of the Century,2021.0,Comedy,5.5,6
666109,tt10247750,Ordinary Justice,2020.0,Drama,4.75,6
824480,tt14063186,The Wheel,2022.0,Drama,5.5,6
1041419,tt11364996,5000 Blankets,2023.0,Drama,7.9,6
662694,tt13528580,The Siamese Bond,2021.0,Drama,7.25,6
958231,tt19630504,The Great Silence,2023.0,Drama,5.167,6
1048522,tt8591526,Fremont,2023.0,"Comedy, Drama",6.3,6
721342,tt12961802,Famosa,2020.0,Drama,4.667,6
718334,tt9286670,Allan The Dog,2020.0,Comedy,6.4,6
840535,tt9290138,Why We Breathe,2020.0,Drama,9.3,6
659921,tt10514240,Like a House on Fire,2021.0,Drama,7.2,6
877615,tt14491300,Songs About Love,2021.0,,6.833,6
727551,tt14493552,Double Patty,2021.0,"Romance, Drama",6.0,6
725034,tt11114708,Mile High Escorts,2020.0,"Thriller, TV Movie",4.8,6
846803,tt13864444,No One's with the Calves,2022.0,Drama,5.25,6
849111,tt15119794,Göta kanal 4 - vinna eller försvinna,2022.0,Comedy,4.5,6
942811,tt21226634,The Adventures of Gigi the Law,2022.0,"Documentary, Drama",5.5,6
783993,tt11246284,Win a Trip to Browntown!,2021.0,Comedy,4.4,5
1094481,tt16248294,Hitmen,2023.0,"Action, Crime, Thriller",5.2,5
698804,tt11837558,I Propose We Never See Each Other Again After Tonight,2020.0,"Comedy, Romance",5.8,5
785218,tt14353504,Witness the Fitness,2022.0,Comedy,5.2,5
743090,tt13299678,Uncle Vanya,2020.0,"Drama, Comedy",6.5,5
801923,tt6468842,The Enormity of Life,2021.0,"Comedy, Drama, Romance",6.4,5
745499,tt6873364,Iceland is Best,2020.0,Drama,4.6,5
802243,tt13524066,A'azz El Weld,2021.0,"Drama, Comedy",6.2,5
773288,tt11991132,Kamali from Nadukkaveri,2021.0,"Drama, Romance",6.9,5
746554,tt13181596,Food Luck!,2020.0,"Family, Drama",5.8,5
712502,tt12323842,Gina Brillon: The Floor Is Lava,2020.0,Comedy,5.6,5
795892,tt12974232,Wood and Water,2022.0,Drama,6.2,5
1156125,tt28490044,Evil Does Not Exist,2023.0,Drama,7.3,5
777930,tt5492808,Borga,2021.0,Drama,7.2,5
795281,tt11492176,Inbetween Girl,2021.0,"Comedy, Drama",5.8,5
710415,tt9165740,Milkwater,2020.0,"Drama, Comedy",4.4,5
1057635,tt23805036,Unprincipled in the Village,2023.0,Comedy,7.6,5
717182,tt12395462,From Gerri With Love,2020.0,Comedy,5.8,5
666659,tt13075882,Restricted Area,2020.0,Thriller,6.2,5
668704,tt13705714,Snowball,2021.0,Drama,6.0,5
528360,tt6484398,Broken Diamonds,2021.0,Drama,4.8,5
668013,tt11261820,Tahara,2022.0,"Drama, Comedy",5.6,5
934384,tt18289752,"Kinsenas, Katapusan",2022.0,Thriller,6.2,5
854317,tt15119666,Atlantide,2022.0,"Drama, Documentary",7.4,5
661679,tt7311770,The Bet,2020.0,Comedy,4.833,5
977673,tt20838498,Thai Massage,2022.0,"Comedy, Drama",5.6,5
664577,tt11162826,Naked Animals,2020.0,Drama,4.4,5
1084571,tt18989512,Felicità,2023.0,Drama,7.7,5
664707,tt8724130,Our Own,2020.0,Drama,6.1,5
664382,tt11837886,Yellow Sulphur Sky,2021.0,"Drama, Romance",6.8,5
623273,tt9024096,Women Is Losers,2021.0,"Drama, History",6.7,5
863912,tt16150884,Only Me is Normal,2021.0,"Comedy, Family",7.0,5
765236,tt8097362,A Deadly Place,2020.0,Thriller,5.0,5
819134,tt11128342,I Don't Wanna Dance,2021.0,Drama,6.8,5
987434,tt14921402,Wayward,2022.0,"Drama, Horror, Thriller",6.7,5
990332,tt16152556,Diamond in the Rough,2022.0,"Comedy, Romance",6.0,5
944904,tt18019258,The Hater,2022.0,Comedy,5.0,5
842107,tt10787484,Whitetail,2021.0,"Thriller, Western",6.8,5
951446,tt11418284,The Art of Love,2022.0,Comedy,4.6,5
843701,tt14909062,Heard She Got Married,2021.0,"Thriller, Comedy",8.2,5
957861,tt22398026,The Narrow Road,2022.0,Drama,5.6,5
632311,tt11741044,I Was a Simple Man,2021.0,Drama,7.0,5
655174,tt10642250,Death of Nintendo,2020.0,"Comedy, Drama",7.4,5
683591,tt8170506,Sophie Jones,2021.0,Drama,5.4,5
815152,tt10799922,Painkiller,2021.0,Thriller,4.2,5
810790,tt8045592,Later Days,2021.0,Comedy,4.2,5
759780,tt9735976,Wheels of Fortune,2020.0,Comedy,5.2,5
365657,tt4085618,Toloka,2020.0,History,6.2,5
808430,tt14285796,The Male Gaze: Nocturnal Instincts,2021.0,"Drama, Romance",4.6,5
690184,tt4166648,Talking to God,2020.0,Comedy,6.8,5
913276,tt16311384,Nika,2022.0,Drama,6.0,5
750600,tt11111286,Reboot Camp,2020.0,Comedy,4.6,5
906270,tt10360808,The Cow Who Sang a Song into the Future,2023.0,Drama,6.6,5
1082425,tt21940934,Miguel Wants to Fight,2023.0,Comedy,6.6,5
681020,tt9416282,Being Dead,2021.0,Drama,5.2,5
679713,tt10816000,Take Out Girl,2021.0,"Drama, Thriller",3.8,5
740963,tt9204898,"Jump, Darling",2022.0,"Comedy, Drama",4.5,4
740971,tt8590528,Faith Under Fire,2020.0,Drama,4.5,4
584863,tt13029450,Hypnosis,2020.0,"Drama, Thriller",4.8,4
634137,tt15881420,The Danube,2021.0,Drama,5.8,4
944531,tt19188852,Like Me,2022.0,Drama,3.75,4
846862,tt12927920,Monte Verità,2021.0,"History, Drama",5.125,4
945442,tt19465804,Strict Regime Parents,2022.0,Comedy,5.75,4
847414,tt12839480,Saving Shuli,2021.0,Comedy,5.25,4
617053,tt9890308,Nasir,2020.0,Drama,4.8,4
913243,tt18350136,White Dog,2022.0,Drama,6.0,4
614490,tt10448528,Ernesto,2020.0,Drama,8.0,4
894257,tt14012734,Fixed,2021.0,"Thriller, Crime",5.0,4
892921,tt14488200,Jupiter,2022.0,"Drama, Comedy",6.2,4
524253,tt4648112,Granada Nights,2021.0,Drama,4.1,4
899743,tt13167612,Popran,2022.0,"Comedy, Fantasy, Drama",6.0,4
561757,tt3717822,Church People,2021.0,Comedy,4.8,4
998999,tt13260630,Adeline,2022.0,Drama,6.25,4
816471,tt9265050,Taking the Fall,2021.0,Drama,5.5,4
678585,tt11266956,Poor Rich Family,2020.0,"Comedy, Family",6.0,4
705015,tt11463324,Inspector Ike,2020.0,Comedy,5.2,4
821488,tt3890456,Queen of Glory,2022.0,"Comedy, Drama",7.2,4
795771,tt10003618,Celts,2022.0,Drama,6.8,4
804779,tt10426580,We Burn Like This,2021.0,Drama,6.0,4
805014,tt13310936,Thimmarusu: Assignment Vali,2021.0,"Crime, Thriller",7.8,4
809776,tt10951504,Bringing Him Back,2021.0,Drama,2.8,4
1050225,tt6506346,Angry Neighbors,2022.0,Comedy,5.5,4
653713,tt10313748,La Leyenda Negra,2020.0,Drama,4.0,4
729210,tt6002094,Her Name Was Jo,2020.0,Drama,7.6,4
962256,tt14555908,Paulie Go!,2022.0,Comedy,5.0,4
791543,tt13848128,Stop and Go,2021.0,Comedy,6.2,4
826520,tt5619044,Night Shift,2021.0,"Comedy, Crime",5.0,4
976947,tt13656056,Color of Heaven,2022.0,Drama,5.0,4
662947,tt8300462,Slow Machine,2021.0,Thriller,9.0,4
747311,tt13137460,"Sami, Joe and I",2021.0,Drama,7.5,4
755080,tt13345636,Funny Boy,2020.0,Drama,5.0,4
753431,tt10395398,That Was Life,2020.0,Drama,5.5,4
1078636,tt15167316,All the World Is Sleeping,2023.0,Drama,5.9,4
727796,tt11127512,Heartbeat,2020.0,Thriller,3.0,3
1018341,tt19845038,Three Ways,2022.0,Comedy,3.7,3
958287,tt14311482,Queens,2022.0,Drama,6.333,3
1053003,tt14402302,Accidental Family,2021.0,"Comedy, Romance",6.0,3
783459,tt14452802,Neighbours,2022.0,Drama,8.3,3
1054334,tt15465098,Sembi,2022.0,"Drama, Thriller",5.8,3
838539,tt11177120,Black Medicine,2021.0,"Thriller, Crime",6.333,3
731734,tt10314344,The Subject,2021.0,Drama,4.3,3
766333,tt11378154,The App That Stole Christmas,2020.0,"Comedy, Family, Drama",3.7,3
760056,tt13361756,Barbie & Kendra Storm Area 51,2020.0,"Comedy, Science Fiction",7.0,3
763410,tt13456316,Love You Anyway,2022.0,Drama,6.0,3
964276,tt26611839,The Vacationers,2023.0,Comedy,5.7,3
650597,tt3400626,Shadows,2023.0,Thriller,5.7,3
708510,tt11297214,Mission Extreme,2021.0,"Action, Crime, Drama",5.3,3
503017,tt6910678,The Dunes,2021.0,Thriller,4.7,3
1110011,tt25306940,Smack Dab Kakha. Another Film,2023.0,Comedy,4.833,3
929997,tt13617378,Salesmen,2022.0,Comedy,6.333,3
706528,tt10961186,A Starry Sky Above the Roman Ghetto,2020.0,Drama,6.0,3
858597,tt10919446,Spirit Quest,2021.0,Comedy,8.7,3
947052,tt21876846,Kulkuset kulkuset,2022.0,Comedy,3.3,3
1030078,tt21289032,Itlu Maredumilli Prajaneekam,2022.0,"Drama, Action",5.3,3
500104,tt9428746,Aristotle and Dante Discover the Secrets of the Universe,2023.0,"Drama, Romance",7.0,3
1029369,tt18362444,The Year of the Dog,2022.0,Drama,6.75,3
798659,tt7765850,Walking with Herb,2021.0,Comedy,6.667,3
852902,tt9808268,Stanleyville,2021.0,Comedy,4.7,3
854841,tt9159426,The Noise of Engines,2021.0,"Drama, Comedy",6.7,3
794787,tt12552352,The White Fortress,2022.0,Drama,6.0,3
935904,tt14906708,Pretty Red Dress,2023.0,Drama,6.7,3
713883,tt3716996,Central Park Dark,2021.0,Thriller,2.8,3
850833,tt13387266,Here Out West,2022.0,"Drama, Adventure",4.667,3
795623,tt14109800,Come Here,2021.0,Drama,7.3,3
843441,tt14891930,Before Next Spring,2022.0,Comedy,6.7,3
641023,tt6051918,Unsound,2020.0,Drama,8.0,3
957143,tt12992082,Albatross,2022.0,Drama,4.7,3
918692,tt17352384,Granit,2021.0,"Action, War",5.0,3
532577,tt8160794,The Greenhouse,2021.0,"Drama, Fantasy",4.7,3
721413,tt12737834,Plaza,2020.0,Drama,2.0,3
925603,tt12720014,"Hello, My Life!",2022.0,Comedy,6.7,3
800005,tt14086060,Boys On Film 21: Beautiful Secret,2021.0,"Drama, Romance, Comedy, History",4.0,3
1146254,tt28329761,Deadly DILF,2023.0,"Thriller, Drama",7.0,3
843925,tt11570318,My Father Is an Airplane,2021.0,Drama,7.0,3
977770,tt20358284,The Lesson,2023.0,"Drama, Thriller",5.333,3
879301,tt21956076,Lapland Odyssey 4,2022.0,Comedy,3.7,3
682249,tt10582422,Sweet Sunshine,2020.0,Drama,4.0,3
827930,tt14833900,Around The Table,2021.0,Drama,6.3,3
679886,tt10471804,Crónica De Una Tormenta,2021.0,Drama,4.3,3
873972,tt13936336,Hunters,2021.0,Action,2.7,3
818783,tt13269868,We Might As Well Be Dead,2022.0,"Mystery, Crime, Comedy",4.333,3
677029,tt11614472,The Inventor,2020.0,Drama,8.0,3
982813,tt15345936,The Seven Faces of Jane,2023.0,Drama,4.3,3
665429,tt10365870,Eyimofe (This Is My Desire),2021.0,Drama,7.0,3
825773,tt13190778,"Dawn, Her Dad & The Tractor",2021.0,Drama,6.3,3
665402,tt11468896,In Deep Sleep,2020.0,Drama,3.7,3
889114,tt14209750,Bhala Thandanana,2022.0,"Drama, Action",7.2,3
772437,tt9056484,The Other Tom,2021.0,Drama,5.3,3
767800,tt13483050,40 Sticks,2020.0,"Thriller, Crime",6.0,2
704357,tt8449154,The Family Tree,2020.0,Romance,2.5,2
747896,tt12701964,Of Fish and Men,2020.0,Drama,6.0,2
665769,tt8415728,One of These Days,2021.0,Drama,5.5,2
703030,tt7931602,Fame-ish,2020.0,Comedy,5.0,2
824742,tt14071600,A Light Never Goes Out,2023.0,Drama,7.0,2
430268,tt3801544,Shithead,2020.0,Comedy,9.5,2
800415,tt13890834,Rattlesnake: The Ahanna Story,2020.0,"Action, Crime",6.0,2
710099,tt10466348,Code of Thieves,2020.0,Action,3.0,2
794903,tt12791888,See You Then,2022.0,Drama,2.5,2
796014,tt6708828,Calm Before,2021.0,"Thriller, Drama",7.5,2
796019,tt13935180,Positive Apocalypse,2021.0,Adventure,6.5,2
795818,tt14033416,Forest: I See You Everywhere,2022.0,Drama,5.0,2
671084,tt11843950,Flashwood,2020.0,Comedy,4.2,2
793288,tt11193834,Anima,2020.0,Drama,8.0,2
1114816,tt10399622,Inside the Yellow Cocoon Shell,2023.0,Drama,4.5,2
712128,tt11105790,Broken Keys,2023.0,"Drama, War",8.75,2
937313,tt14573918,Naked Truth,2022.0,"Drama, Thriller",3.0,2
824119,tt10406466,It Is in Us All,2022.0,"Thriller, Drama",7.5,2
986718,tt21040176,Who's There?,2022.0,Thriller,6.5,2
849347,tt11853308,Dinner Party,2022.0,Drama,1.0,2
651680,tt8414224,Entombed,2020.0,"Thriller, Horror",4.0,2
690181,tt9612892,The Black Emperor of Broadway,2020.0,,6.5,2
965717,tt14543404,Here Kills the Bride,2022.0,"Thriller, TV Movie",6.0,2
836041,tt13491982,Estonian Funeral,2021.0,Comedy,6.5,2
965649,tt14597532,Land of Gold,2023.0,Drama,7.0,2
834792,tt8889716,The Box,2021.0,Drama,4.0,2
652009,tt9354118,Our Father's Keeper,2020.0,Drama,7.0,2
764002,tt7078610,Freshman Friday,2020.0,Comedy,9.0,2
1000172,tt21352686,The Damned Don't Cry,2023.0,Drama,6.5,2
766713,tt10300286,The Infernal Walker,2020.0,"Action, Crime, Drama, Mystery",6.8,2
828948,tt23322952,Amiko,2022.0,Drama,8.0,2
655361,tt8743262,Treasure City,2020.0,Drama,7.5,2
832650,tt9383986,The Man Who Drew God,2023.0,Drama,2.75,2
763605,tt11768008,Poppy Field,2022.0,"Drama, Romance",5.0,2
658795,tt11440056,Feride,2020.0,Comedy,1.0,2
653710,tt8785030,Beast Beast,2021.0,Drama,7.0,2
811553,tt13843858,Thellavarithe Guruvaram,2021.0,"Drama, Comedy, Romance",6.8,2
1102243,tt14406418,Cream of the Crop,2022.0,Drama,6.0,2
664591,tt6434210,The Works and Days (of Tayoko Shiojiri in the Shiotani Basin),2022.0,Drama,9.2,2
644888,tt4578102,I'll Meet You There,2020.0,"Drama, Thriller",3.0,2
802108,tt8338100,Hyde,2021.0,Thriller,3.5,2
825832,tt11137272,3 Women,2020.0,,3.5,2
826346,tt14136566,American Mobster: Retribution,2021.0,"Action, Crime",7.0,2
646551,tt9762398,Teenage Badass,2020.0,Comedy,3.5,2
916426,tt10779254,Talking About the Weather,2022.0,Drama,9.0,2
1147777,tt23770924,Hostel Hudugaru Bekagiddare,2023.0,Comedy,8.5,2
925847,tt13378056,The Schoolmaster Games,2022.0,Drama,2.0,2
921106,tt14598646,Aa Ammayi Gurinchi Meeku Cheppali,2022.0,"Romance, Drama",3.5,2
781376,tt9033598,We Are,2020.0,Comedy,7.0,2
1044126,tt23150052,BASTARDS,2023.0,,2.0,2
614621,tt11355212,Jail,2021.0,Drama,3.0,2
929183,tt16900304,Reroute,2022.0,Thriller,6.0,2
732659,tt7907898,Up On The Glass,2020.0,"Drama, Thriller",7.0,2
757758,tt11123132,Amercement,2021.0,"Drama, Crime",6.5,2
921991,tt16968496,Old Bigwigs,2021.0,Comedy,5.5,2
787084,tt13397326,Bigfoot: The Conspiracy,2020.0,Thriller,4.5,2
873571,tt15414016,Amber Cops,2021.0,Comedy,6.5,2
922842,tt10232096,Буран,2021.0,Drama,6.0,2
720201,tt10560062,Marcus,2022.0,Drama,5.0,2
878195,tt14844714,Youngstown,2021.0,Comedy,6.5,2
918352,tt13806424,By the Grace of...,2021.0,Drama,5.0,2
770492,tt9707580,Break Even,2020.0,"Action, Crime",7.5,2
731609,tt13259906,18 Kilohertz,2020.0,"Drama, Mystery, Crime",8.0,2
854179,tt12933568,Legacy of Love,2022.0,"Romance, Drama",5.5,2
776538,tt12312912,Fire in the Mountains,2022.0,Drama,8.0,2
870630,tt14949622,Flunk: The Exchange,2021.0,"Drama, Romance",7.5,2
1042216,tt22777288,Mutt,2023.0,Drama,10.0,2
874396,tt10773194,My Dead Dad,2021.0,"Drama, Comedy",6.5,2
929453,tt13434790,What Lucia Saw,2022.0,Drama,6.0,2
1042933,tt14772866,Royal Ashes,2022.0,Drama,3.5,2
885809,tt16047468,Tree of Eternal Love,2022.0,Comedy,6.0,2
770626,tt11730520,Black Snow,2020.0,Drama,8.0,2
974485,tt15684938,We Are Still Here,2022.0,"Crime, Comedy, Animation, Science Fiction, Romance, Drama",7.0,1
666752,tt8552008,The Restoration,2020.0,"Comedy, Drama",6.0,1
886544,tt13563958,Girl Unknown,2023.0,"Drama, Thriller",2.0,1
987036,tt3895984,Manbaby,2022.0,"Comedy, Fantasy, Science Fiction",5.0,1
876284,tt11389850,Sandra Gets a Job,2021.0,"Drama, Comedy",1.0,1
893831,tt11379620,The Last Ride of the Wolves,2022.0,"Crime, Drama",3.0,1
888921,tt16867902,A Spy Movie,2021.0,Comedy,8.0,1
826057,tt6326182,Senior Entourage,2021.0,Comedy,2.0,1
577921,tt21376206,Blanquita,2023.0,Drama,6.0,1
891205,tt15715230,Project Space 13,2021.0,Comedy,5.0,1
826958,tt10043660,Engaged in Vegas,2021.0,Comedy,3.0,1
944645,tt8907052,Wuthering Heights,2022.0,"Drama, Romance",1.0,1
950891,tt21305876,The Sales Girl,2022.0,Drama,5.5,1
924405,tt15094568,First Person Shooter,2022.0,Thriller,6.0,1
924128,tt15710474,Along the Way,2022.0,Drama,7.0,1
924116,tt17501358,Yamabuki,2022.0,Drama,6.0,1
855166,tt15131600,You Resemble Me,2022.0,Drama,7.0,1
853667,tt11106034,Knitting,2021.0,Drama,7.0,1
854547,tt13892558,"Our Father, the Devil",2023.0,"Drama, Thriller",8.0,1
1092099,tt14007288,Bad Living,2023.0,Drama,8.0,1
962878,tt17346434,Love and Mathematics,2022.0,Drama,6.0,1
960853,tt17078354,The Fishbowl,2023.0,Drama,10.0,1
913766,tt16381144,Retrograde,2023.0,Drama,2.0,1
964626,tt4121086,7th Secret,2023.0,Thriller,2.0,1
911522,tt16148412,Hunting Season,2021.0,Comedy,2.0,1
965022,tt14915600,Pink Moon,2022.0,Drama,6.0,1
916343,tt14164102,Northern Quality,2022.0,Comedy,6.0,1
958254,tt12923846,Three Thousand Numbered Pieces,2023.0,Drama,6.0,1
782092,tt13588156,All My Puny Sorrows,2023.0,Drama,6.0,1
1026299,tt22168286,Amityville Christmas Vacation,2022.0,"Comedy, Romance, Horror",8.0,1
808482,tt21651430,The People's Joker,2022.0,Comedy,9.0,1
1100488,tt23897124,I pionieri,2023.0,Comedy,8.0,1
731881,tt12325668,Pearl,2021.0,Drama,5.0,1
1018195,tt21289480,First Day First Show,2022.0,"Comedy, Romance",7.0,1
1077686,tt26440896,Living Bad,2023.0,Drama,7.0,1
713182,tt21928842,First Snow,2022.0,"Drama, Comedy",6.0,1
793028,tt11016222,White People Money,2021.0,Comedy,1.0,1
718832,tt12592824,Rurangi,2020.0,Drama,10.0,1
788976,tt23628070,Hamsters,2023.0,"Drama, Comedy",2.0,1
1105771,tt24224528,Maldives Will Wait,2023.0,Comedy,6.0,1
721235,tt13846508,Human Flowers of Flesh,2023.0,Drama,7.0,1
786975,tt14344738,An Zéro,2021.0,"Documentary, Drama",8.0,1
796922,tt12842524,White Elephant,2020.0,Comedy,9.0,1
706634,tt5848326,Healing River,2020.0,Drama,10.0,1
819165,tt14502658,Adieu Godard,2022.0,Drama,7.0,1
775440,tt13428892,A Christmas Love,2020.0,"Drama, Family",2.0,1
1005700,tt21438476,Bentu,2022.0,Drama,6.0,1
736873,tt12992754,Build the Wall,2020.0,Comedy,2.0,1
814195,tt10826164,Forever and a Day,2022.0,Drama,3.0,1
819808,tt10102080,Range Roads,2021.0,Drama,7.0,1
995588,tt17526224,To whom close their eyes,2022.0,Drama,6.0,1
742756,tt10826116,Trouble Will Find Us,2020.0,"Romance, Drama",8.0,1
743229,tt8897388,Rival,2022.0,Drama,5.0,1
750468,tt8005256,Tidy Tims,2020.0,Comedy,4.0,1
771166,tt13557918,Teenage Emotions,2021.0,Drama,6.0,1
818769,tt14036870,Mr. Birthday,2021.0,"Family, Comedy",5.0,1
1064488,tt27127359,Silent Witnesses,2023.0,"Documentary, Drama, Romance",10.0,1
689130,tt8910408,Songs of Solomon,2020.0,Drama,10.0,1
764834,tt13366978,Maria,2021.0,Comedy,9.0,1
812392,tt12487320,I'm Not Him,2021.0,Drama,1.0,1
736335,tt6902000,Half White,2020.0,Comedy,9.0,1
775912,tt7199030,Chateau Vato,2020.0,Comedy,4.0,1
1008404,tt21651200,Shimoni,2022.0,Drama,6.0,1
776186,tt3896836,Reversion,2020.0,"Thriller, Mystery",5.0,1
1164555,tt15262920,Welcome to Redville,2023.0,Drama,0.0,0
1166940,tt28363514,Greenback,2023.0,"Action, Thriller, Comedy",0.0,0
1158410,tt26625686,A Love Story from the Streets,2023.0,Drama,0.0,0
1103214,tt27261231,The Doll,2023.0,Drama,0.0,0
1181806,tt28650765,The Nurse That Saw the Baby on the Highway,2023.0,,0.0,0
1134794,tt12525878,Speak Sunlight,2023.0,Drama,0.0,0
1137696,tt27347892,The Giants of Easter Islands,2023.0,,0.0,0
588077,tt12261772,s01e03,2020.0,Romance,0.0,0
668097,tt11497480,Asur,2020.0,"Drama, Comedy",0.0,0
694296,tt9503722,About a Teacher,2020.0,Drama,0.0,0
692950,tt12913444,The Inheritance,2020.0,"Drama, Documentary",0.0,0
656270,tt11639052,Black Milk,2020.0,Drama,0.0,0
633520,tt10171848,Pigeon's Milk,2021.0,Drama,0.0,0
978586,tt13200006,Shayda,2023.0,Drama,0.0,0
985779,tt21047794,Sweet As,2023.0,Drama,0.0,0
970348,tt19883634,The Old Oak,2023.0,Drama,0.0,0
977966,tt20415224,Drift,2023.0,"Drama, Romance",0.0,0
1002447,tt20861100,House of Money,2022.0,Thriller,0.0,0
1008527,tt21612972,When Morning Comes,2022.0,Drama,0.0,0
1005705,tt21859796,The Maiden,2023.0,"Drama, Mystery, Fantasy",0.0,0
993175,tt15174924,Everything I Am,2021.0,Drama,0.0,0
993249,tt20877264,A Room of My Own,2022.0,Drama,0.0,0
997659,tt21230074,Safe Place,2023.0,"Drama, Thriller",0.0,0
925696,tt10234990,Stroke of Luck,2022.0,Comedy,0.0,0
923387,tt7636728,When It Melts,2023.0,Drama,0.0,0
944952,tt18363072,The Royal Hotel,2023.0,"Drama, Thriller",0.0,0
1068427,tt16092020,Lapua 1976,2023.0,Drama,0.0,0
1075840,tt26441793,The Shadowless Tower,2023.0,Drama,0.0,0
1072796,tt23872008,The Confession Musical,2023.0,Music,0.0,0
1057835,tt14361330,Marisol,2023.0,Drama,0.0,0
1080499,tt17041522,Aurora: A Love Story,2023.0,Drama,0.0,0
1087066,tt10622260,Roll with It,2023.0,,0.0,0
1032473,tt26812510,The Monroy Affaire,2022.0,Drama,0.0,0
1016420,tt23648490,The Worst Idea Ever,2023.0,Comedy,0.0,0
1013908,tt17505240,Life,2022.0,Drama,0.0,0
1034387,tt21282898,Chinas,2023.0,,0.0,0
1036172,tt12362542,God & Salsa,2022.0,Drama,0.0,0
784524,tt13652142,Magazine Dreams,2023.0,Drama,0.0,0
773179,tt8147656,Cool Abdoul,2021.0,"Crime, Drama",0.0,0
768710,tt12649538,One Life at a Time,2020.0,Drama,0.0,0
773984,tt8187840,A Bend in the River,2020.0,Drama,4.0,0
808176,tt14396208,The Heart and How to Use It,2021.0,Comedy,0.0,0
816888,tt21920634,The Rye Horn,2023.0,Drama,0.0,0
804036,tt9778060,A Matter of Causality,2021.0,Thriller,0.0,0
739306,tt12003124,Anti Corona Virus,2020.0,Drama,0.0,0
734653,tt9007296,Bone Cage,2020.0,Drama,0.0,0
765926,tt8599512,Out of Time,2020.0,Drama,0.0,0
765731,tt13293334,Past Death,2020.0,Thriller,0.0,0
766054,tt8424638,Buoyancy,2020.0,Thriller,0.0,0
744713,tt7489792,Rain,2020.0,Drama,0.0,0
745993,tt6932766,Waikiki,2020.0,,0.0,0
743151,tt11764856,A Christmas Cancellation,2020.0,"Drama, Science Fiction, Fantasy",0.0,0
748683,tt12155064,Why Not You,2021.0,Drama,0.0,0
885313,tt13812906,"Keep Smiling, Mom!",2022.0,Comedy,0.0,0
889818,tt21086802,Omen,2023.0,Drama,0.0,0
873976,tt15482570,The Absent Director,2021.0,Drama,0.0,0
896666,tt12906702,Harvey,2021.0,Thriller,0.0,0
892597,tt13615030,The Road to Galena,2022.0,Drama,0.0,0
832895,tt11372516,To the Moon,2021.0,Drama,0.0,0
841611,tt14725488,Hospital - Daughter's Mother,2021.0,Drama,0.0,0
821201,tt12477816,Pursuit of Freedom,2022.0,Drama,0.0,0
829308,tt5246704,When Today Ends,2021.0,Drama,0.0,0
829584,tt15446628,Days Before the Millennium,2022.0,Drama,0.0,0
825813,tt13153712,The American King,2020.0,,0.0,0
856248,tt12526902,Carajita,2023.0,Drama,0.0,0
865588,tt21998524,Vicenta B.,2023.0,Drama,0.0,0
865402,tt15399588,The Rust,2023.0,Drama,0.0,0
866076,tt15047244,The Same Storm,2022.0,Drama,0.0,0
864665,tt7085158,Past Shadows,2021.0,"Drama, Fantasy",0.0,0
845187,tt10195722,Highway One,2022.0,Drama,0.0,0
850982,tt15047780,Stay Awake,2023.0,Drama,0.0,0
852260,tt12440242,House Of Quarantine,2021.0,Thriller,0.0,0
